id,arity
bababa,1
babona,
babuto,1
babuwe,1
bacufa,
bacuko,
bacute,
badiqo,1
bafahu,1
bafale,2
bafomi,2
bagayu,
bagesu,
bahege,3
bahegu,1
bahete,
bahigu,
bahiza,
bahufi,2
bahuqa,
bajasu,1
bajiju,2
bajise,2
bajola,
bajuqu,
bakave,
bakedo,1
bakeno,
bakepe,1
bakimi,1
bakino,
bakipo,1
bakuta,1
balaja,
baleji,
balili,
balopi,
bamelu,
bamofu,
bamosu,1
baniju,
banoru,
bapabi,
bapalo,2
baparu,2
bapavi,
bapavo,
bapelu,
bapili,1
bapobi,1
baqosu,
barape,1
bariba,2
barofe,
barulo,1
baruqo,1
basadi,1
basene,
basicu,
basuma,
basunu,
bategi,
bative,
batomu,
bavake,
bavaqe,1
bavigo,2
baviho,1
bavufo,
bavuro,
bavuvo,2
bawado,1
bawaga,2
bawaja,1
bawako,2
baweki,1
bawife,1
bawogi,1
bawugi,1
bayabi,1
bayabu,1
bayari,2
bayatu,
bayoga,1
bayufa,1
bazehu,
bazemi,1
bazetu,1
bazifi,
baziso,1
bazita,
bazowa,
bebaki,
bebayi,
bebeqi,
bebequ,
bebera,1
bebiqe,1
bebofi,1
beboqe,1
bebuto,1
bebuvo,
becami,
beceto,
becilo,
becipi,
beciso,
beciyo,1
becobi,
becuca,2
becuqe,
bedeke,2
bedewu,3
bediri,1
bediwe,1
bedoco,2
beduku,
befegi,2
befisu,
befiye,
befoga,
befowa,3
befuri,
begatu,
begigi,2
begona,1
begunu,
begusa,
behebu,
beheda,
behifo,
behiqi,1
behucu,3
bejago,
bejelo,
bejipa,
bejivu,2
bejopu,
bejoyo,2
bejulo,
bejuya,2
bekata,
bekiqe,1
bekoce,
belaya,1
belesa,2
belike,
belofa,1
belopo,
bemafo,
bemaga,1
bemave,1
bemeqa,
bemole,1
benala,1
benaqa,
benebo,
beneye,1
benifu,
benofu,
benoti,2
benubi,3
benuwa,1
bepage,1
bepifo,
beponi,
bepuho,
beqepu,1
beqito,1
beqoce,
beqoci,
beqomo,2
bequso,1
berame,2
berape,1
berasa,1
berobo,
berogo,3
beruku,1
besusu,
betamo,1
beteha,
betewo,
betole,
bevawa,
beviqe,1
beviwu,
bevoha,2
bevuyu,
bewahe,0
bewuda,1
bewudi,
beyeji,
beyuno,1
bezabu,1
bezeru,1
bezuce,1
bezuka,1
bezuni,
bibaci,
bibale,1
bibame,
bibana,1
bibepa,
bibevi,2
bibila,1
bibipa,
bibumi,2
bibuno,
bicata,
biceti,
bicidu,
bicoza,
bicupi,
bidama,1
bidevo,1
bidipo,
bidiqi,
bidize,
bidosa,1
bidupo,2
bifaja,
bifaki,
bifasu,2
bifedo,1
bifife,
bifine,3
bifoba,
bifoge,1
bifoja,2
bifoye,1
bifoyo,
bifune,1
bifuzo,
bigehi,1
bigeri,
bigida,1
bigogi,
bigowo,
biguga,
bigujo,2
bihaje,
bihike,1
bijevo,
bijigu,
bijipa,
bijono,
bijowa,1
bikeje,
bilago,
bilaqi,1
bilari,2
bilava,
biligi,
bilubo,2
bilubu,
biluwu,2
bimego,2
bimizo,1
bimome,1
bimoni,
bimozi,2
binage,
binaka,1
biniya,2
binocu,3
bipimo,
bipivi,
bipora,2
bipozo,
biqada,
biqade,
biqaru,
biqasu,
biqili,2
biqiyo,
biqizu,2
biqoka,1
biqore,
birafi,
birasi,
biraze,1
birehu,
birila,1
birojo,
biruso,1
bisada,1
bisaqa,
bitaja,2
bitajo,
bitewu,2
bitiki,1
bitope,
bituju,
bivapi,
bivazo,
bivece,2
bivele,1
bivene,1
bivide,1
bivoho,
bivunu,
biwawe,
biwawu,2
biwiwa,1
biwoni,
biwuna,1
biyifa,
biyomo,1
bizife,
biziqi,
bizoma,
bizuni,
bizuto,
bizutu,
bizuzi,3
bobiqa,2
bobula,
bocagi,
bocehi,
boceri,2
bocizi,1
bocole,
bocoma,
bocuni,
bodace,2
bodado,
bodane,3
bodehi,1
bodita,∞
bofaqo,
bofecu,1
bofelo,2
bofeqe,1
bofopo,
bofudo,
bofure,
bogiri,1
bogufa,
bohami,1
bohebe,
bohife,2
bohute,1
bojasi,
bojoci,
bokagu,2
bokanu,
bokege,
bokehe,
bokezu,
bokofe,
bokomo,
bokuho,
bokune,
bolace,
bologo,2
boloka,
bolomi,1
bolume,1
bomada,
bomemi,
bomise,1
bomoyi,1
bonapu,
bonete,1
bonipo,1
bonufu,
bonuve,2
bopayi,2
bopevo,1
bopiti,3
bopuqu,1
boqade,1
boqiqe,
boqire,
boqoto,1
boquwe,
boreji,
boretu,2
boriwa,2
borovi,1
bosiwo,1
bosote,
bosuwe,3
bosuzu,1
botage,1
botati,3
botojo,1
botulu,2
bovara,
bovazo,2
bovegi,
bovena,1
bovepa,1
bovera,1
bovilu,1
bovore,
bowaja,
bowara,
bowebi,1
bowoyi,3
boyere,1
boyiso,
boyova,3
boyoze,
bozahi,
bozifu,3
bozoro,
bozupa,
bozupi,
bubaye,1
bubemi,3
bubeno,
bubero,
bubeyi,2
buboso,2
bubuja,1
bucasu,2
bucumi,
bucunu,1
budala,1
budaro,1
budeja,1
budihi,
budire,3
budomu,2
budote,1
bufajo,1
bufebe,
bufefe,
bufoda,
bufodo,
bufofu,
bufuca,2
bufupe,3
bugaro,1
bugise,2
buguki,1
bugupe,1
buhace,
buhazo,
buhedu,1
buhewa,1
buhule,
buhumu,
buhuzo,
bujare,
bujate,1
bujoha,2
bujumi,2
bukudi,2
bulico,
bulihe,2
buliki,2
bulipu,
buliza,
bulobu,
bumaji,
bumalu,
bumase,1
bumave,
bumere,1
bumizi,1
bumoze,
bunagi,
bunayo,
bunaze,
bunije,
bunofi,2
bunoma,1
bunutu,1
bupana,1
bupiri,2
bupoqo,
bupozu,
buqado,1
buqazu,1
buqiha,∞
buqije,2
buqona,
buqova,1
burezo,1
burifo,
buroza,2
buruci,
buruni,2
busele,2
busena,1
busiba,1
busive,
busizu,1
busoku,1
busoni,1
busowi,
busuza,
butaze,3
butihi,1
butisu,
butito,
buvace,
buvahi,
buvaza,
buvepi,2
buvese,
buvina,
buvune,2
buvuzi,1
buwabo,2
buwele,2
buwini,3
buwiqo,2
buwuha,
buwuvu,1
buyado,1
buyalu,
buyave,1
buyaze,
buyede,1
buyegi,2
buyere,1
buyuza,
buzipo,
buzire,
buzote,1
cabeha,2
cabese,
cabina,3
cabuvi,2
cacedi,1
caceto,
cacoco,
cadako,2
cadapa,2
cadega,
cadesa,1
cadove,2
cafaso,
cafobo,
cafodu,1
cafuhe,1
cafuni,1
cageki,1
cagidi,
cagoce,
cagose,
cahani,
cahiza,1
cahugi,1
cajelo,1
cajife,
cajoju,
cajuqi,1
cakiha,
cakipo,
cakive,2
cakuhe,
cakuqo,1
caladi,
calaqa,1
calepe,
caliqi,1
caliso,1
caloke,1
calosu,1
caluqo,
caluqu,1
caluso,
camaqa,
camilu,3
camoto,1
caneli,2
canilo,
canuwa,2
capefo,2
capici,2
capivu,1
capiza,
capuqo,3
capuye,1
caqaye,3
caqelo,
caqeni,
caqiyu,
carabo,3
carasu,
caripe,
carofi,
caseto,
casico,3
casija,1
casipo,
casohe,
casore,
casuza,1
cataho,2
catedu,
cateme,∞
cavane,
cavidi,
cavoyo,1
cawabe,3
cawaco,4
cawaku,
cawelo,
cawetu,1
cawido,1
cawowu,
cayeca,
cayeda,2
cayemu,
cazavi,
cazime,1
caziti,1
caziwu,
cazube,1
cazuta,
cebate,1
cebedi,
cebeqe,
ceboni,
cebozu,
cebugi,
cebuni,2
cecaja,
cececi,1
cecobo,
cedabo,3
cedafi,
cedeco,1
cedela,
cedita,1
cedowe,
ceduku,
cedute,3
ceduwo,3
cefazi,1
cefeka,2
cefesu,
cefiga,
cefiro,
cefoqa,2
cegani,
cegebu,1
cegefi,2
cegele,
cegoca,3
ceguna,1
cehagu,1
cehetu,1
cehinu,2
cejahi,
cejezi,
cejiyi,
cejobu,2
cejomi,1
cejusa,1
cejuyo,
cekopo,3
cekuli,1
celoya,
cemahi,2
cemara,1
cemeqa,
cemesu,
cemini,2
cenipe,
cepepe,
cepoga,
ceqasi,3
ceqeka,
ceqeru,
ceqoqo,2
cerawa,1
ceriso,
cerito,
ceroqe,2
cesace,
cesale,3
cesalo,1
cesawo,1
cesefe,1
cesefo,
cesuja,2
ceteco,2
cetefu,2
cetubi,1
cetuge,1
cetura,3
cetutu,
cevago,
cevota,
cewere,3
cewide,2
cewofa,
cewole,1
cewomo,2
cewuru,1
ceyafu,
ceyani,1
ceyawa,1
ceyeba,
cezafo,2
cezevu,1
cezibi,1
cezuqa,
cibevo,
cibivo,1
cibomu,2
ciboya,2
cicavi,
ciceqe,3
cicewa,
ciciti,1
cicubi,
cicuva,1
cideci,2
cidegi,
cideqa,1
cidowa,
cifari,1
cigeta,3
cihaci,
cihaga,
cihavi,2
cihesu,
cihimo,
cihire,
cihisa,
cihocu,
cihone,2
cijaho,1
cijewa,1
cijimi,
cijite,2
cijope,
cijuni,
cikaca,1
cikaka,
cikaqi,
cikavo,1
cikere,
ciketa,1
cikofu,
cikuke,1
cilaqi,
cileme,
cilevu,
cilijo,
ciliya,
cilufu,
ciluta,
cimafe,1
cimana,2
cimesu,2
cimicu,
cimoje,
cimuge,2
cinafa,
cineje,
cineli,
cinewu,1
ciniga,2
ciniri,
cinodi,2
cinoge,
cipase,2
cipaso,1
cipeco,1
cipeho,1
cipeju,
cipiji,2
cipiqa,1
cipohe,
cipufu,
cipupe,
ciqada,
ciqaje,
ciqaqu,
ciqefe,2
ciqege,
ciqini,1
ciqofu,
ciquto,3
ciraji,
ciralu,
cirawu,
cireya,1
cirife,
ciruge,2
cisewi,2
cisiwe,2
cisofi,
cisoma,1
cisudo,
cisulo,
citahi,
citequ,
citiku,1
citoge,
civamu,1
civawa,3
civere,2
civetu,2
civivu,
civure,1
civuse,2
civuza,
ciwecu,2
ciweti,1
ciwibe,1
ciwofe,
ciyaja,3
ciyege,2
ciyoda,
ciyoja,
ciyote,2
ciyuqo,
ciyuyi,1
cizafo,
cizaku,
cizawi,1
cizaya,2
cizehu,1
cizobi,3
cizupo,
cobawo,1
cobeco,
cobego,
cobewo,1
coboha,
cobopo,2
cobusu,2
cocaje,
cocako,
cocezu,
cocuba,1
cocuti,
codata,3
codifo,1
codito,1
codowa,
codubu,
cofege,
cofife,3
cofipi,1
cofufu,
cofumu,3
cofuqu,
cofuzo,
cogane,2
cogeba,
cogega,1
cogete,
cogome,
cogufo,3
coguja,
coheha,
cohuta,2
cohuve,
cojeta,
cojeyu,
cojuhi,
cokewo,
cokeyu,2
cokuso,
coleju,
coleli,
colike,
colima,2
cololu,
coluke,2
comebe,
comezi,
comika,
comude,1
conage,1
conije,
conina,
conubu,
conuqu,2
conuwi,
copika,1
copira,1
copuqo,3
copuso,
coqefe,2
coqete,
coqivo,
coqodo,
corahi,
corala,
corame,3
corodi,
coseku,1
cosiva,2
cotasi,
coteqi,
cotove,
cotuhi,
cotuzo,
covadi,1
covawi,
coveqo,
covese,3
covila,
covipu,
coviqo,
coviti,4
coviwa,
covubu,
covupo,2
cowani,
coweyi,1
cowoji,
cowova,1
cowowo,2
coyeja,
coyete,1
coyiji,
coyimi,
coyiqi,1
coyiri,
cozabe,
cozabu,1
cozaji,2
cozeda,2
cozere,1
cozesu,
cozetu,3
cozire,1
cozodu,
cozoma,
cozucu,
cozuse,
cubala,2
cubaqi,1
cubego,
cubova,
cubufu,
cubusi,
cubuva,
cucaro,
cucavo,
cuceyo,1
cucipi,
cucoco,
cucogo,2
cucora,
cucuzi,1
cudalo,1
cudaze,
cudive,
cudofe,
cufada,2
cufifu,
cufogo,1
cufumu,1
cufusu,2
cugihi,
cuguli,
cuhama,1
cuhape,
cuheke,
cuhelo,
cuhuse,1
cujake,
cujeca,
cukiri,
cukoho,1
cukova,
culamu,3
culede,
culija,
culude,2
culuja,
culuke,1
culumo,1
cumezo,
cumofo,
cumuma,
cunegi,1
cunezi,1
cunifo,
cunimu,
cunosu,
cunufo,
cunuyi,
cupeqo,
cupihi,
cupozu,
cuqaha,
cuqevi,
cuqigu,
cuqoqi,
cuquno,
curepa,
cureqa,
curevo,
curewi,1
curonu,
curufi,1
cusepo,2
cuseye,
cusote,
cusube,1
cusuja,
cusuka,
cutago,2
cutebe,4
cutewi,
cutiki,
cutofo,1
cutole,1
cutopa,1
cutuwa,2
cuvaqi,
cuvovo,1
cuvuwo,
cuwopu,
cuwotu,1
cuwozu,
cuyequ,
dabami,2
dabazo,
dabini,2
dabiri,
dabiwa,1
dabomu,
dabono,2
daboqe,
dabovo,
dacagi,
dacaqo,1
daceqi,2
daculi,
dadejo,2
dadewi,
dadofe,2
dadoko,
dadopa,
dadoyu,1
dadupo,
dafana,1
dafequ,1
dafiba,
dafihu,1
dafoli,1
dafowa,1
dafoye,1
dafuka,3
dagafa,1
dagara,1
dagiyu,1
dagoju,1
daguba,
dagufu,1
dahali,
dahari,1
dahaze,
daheto,
dahewo,
dahido,
dahiju,
dahina,2
dahira,3
dahofe,1
dahove,
dajaja,
dajedi,
dajema,
dajive,
dajuba,1
dakahu,
dakewa,
dakila,
dalibe,1
dalifo,
daliwe,1
damapu,1
dameca,2
damesa,2
danake,1
danayu,
danima,1
danodo,
danoro,1
danuma,2
daparu,2
dapene,1
dapeno,1
dapico,
dapiva,
dapusi,2
daqapu,
daqatu,1
daqida,1
daqisa,
daqobo,2
darago,1
daraki,3
darara,
darata,
darelo,
dareto,
darite,1
darojo,2
darome,1
dasuba,1
dataqe,2
datevu,
datima,1
datiso,1
datufo,
davage,1
davedo,4
davime,
davori,
davuju,1
dawabo,
dawaca,2
dawaji,3
dawepa,
dawida,2
dawiji,2
dayabu,1
dayilu,1
dayimu,
dayiqa,2
dayoga,1
dayuge,
dazacu,1
dazare,
dazeji,1
dazive,1
dazugu,
dazuma,
debale,
debibu,
debuqo,
debuse,1
decabi,1
decasi,1
decebi,
deceku,1
decila,
dedido,
dediki,
dedora,1
dedumu,
defalo,1
defama,
defewu,
defuyi,1
degeke,
degepa,
degezo,
degide,
degidu,
degivo,2
degiza,
dehefe,3
dehepi,
dehiqi,
dejeli,1
dejeqo,
dejesa,2
dejohi,2
dejove,1
dekebo,1
dekefi,2
dekoyo,
dekuko,2
delajo,2
delako,
delala,
delene,1
deligi,1
deludo,2
delugi,
deluhi,1
demawi,2
demebi,
demimi,
demoto,
demuve,
demuye,
denasu,
denema,
deneyu,1
denezo,2
denoce,2
denovo,1
denupo,
depehi,2
depiho,
depiyi,
deporu,
depuga,
deqide,2
deqika,3
deqimo,
deqoha,
dequda,
dequma,2
dequsa,
derafo,1
derewi,2
deriyi,
desatu,
desiro,
desogi,
desude,
desufi,1
desumo,
detefo,
detume,1
detuto,1
detuve,1
devaqa,
deveju,
devome,
devore,1
dewapi,
dewate,
dewelo,
dewepe,2
dewofa,
deyase,3
deyepe,
deyiru,
deyode,
deyofo,1
deyuli,
deyuto,
dezico,
dezipo,1
dezoge,
dezoka,1
dezuti,1
dibagu,
dibavo,
dibelu,
dibere,2
dibeya,2
dibiyo,1
dibuki,3
dicawe,2
diceva,1
dicote,
dicuhe,1
didana,3
didizo,1
didoci,
didoqo,
difafa,
difaso,
difata,1
difeyo,
difuve,1
digama,2
digava,
digoke,4
digowi,2
diheqo,2
dihodu,2
dihoge,3
dihusu,
dijeda,1
dijiba,2
dijoja,
dijoru,
dijovo,1
dijugi,
dijure,1
dikati,
dikatu,
dikide,2
dikini,3
dikuwa,
dilaci,1
dilere,2
dilila,1
dilubu,
dilupu,
dimafu,
dimaka,
dimeku,1
dimofo,1
dimuga,2
dimuya,
dimuzu,
dinafi,
dinica,
dinisi,
dinozi,1
dinula,2
dipeyu,2
dipihi,3
dipowo,
dipule,1
diqadi,1
diqece,1
diqefu,2
diqeso,2
diqika,2
diqivu,2
diqora,
diquse,
dirace,
dirado,1
direni,2
diruhu,
diseji,
disifi,
diteli,
ditema,2
ditifu,1
ditinu,1
ditosi,2
divagu,
divase,2
divavi,1
diveji,
divipe,1
divota,3
divuhe,
diwebe,1
diwema,
diwije,1
diwovo,2
diyecu,
diyizi,1
diyoji,
diyolu,1
dizeki,1
dizewa,1
dobagi,3
dobari,2
dobava,1
dobawa,
dobofo,
dobopo,3
doboqu,
dobuhe,1
dobupi,1
docaco,
docahi,
docimi,1
docuga,1
dodabo,
dodaha,1
dodemu,1
dodifu,1
dodimo,2
dodize,1
dodoqa,2
dodozo,2
dofefu,
dofoqi,1
dofowo,1
dogilu,
dogoca,
dogone,3
dogoqo,
dogure,4
dohaja,1
dohake,3
dohako,
dohodu,
dohofu,1
dohohe,
dohovu,
dokeme,
dokora,
dokubi,2
dolice,
doliji,1
doloni,2
dolula,
domevo,
donala,1
doneca,3
donefi,2
donicu,3
donono,
donuva,3
dopema,1
dopeso,
dopiqa,
dopoja,3
doputu,
doqada,
doqafu,
doqehi,
doqidu,
dorawo,1
dorehi,
doreje,1
doriba,
dorifi,
doromu,3
dorufe,
dorupa,2
dosani,
dosenu,
dosivu,1
dosoko,1
dososo,
dosupi,
dotega,2
dotito,1
dotolo,
dotosi,
dotubo,
dotuqe,
dotuye,4
dovedu,
doveko,
dovora,2
dowayu,
dowewu,1
dowuga,1
dowulo,
doyaki,1
doyude,2
doyupi,
dozebu,
dozese,3
dozeyi,1
dozije,
doziva,
dozono,1
dozuqa,
dubahe,
dubaja,
dubala,
dubanu,2
dubepi,2
dubobo,
dubufe,
ducavi,1
ducise,2
ducobo,
dudode,
dudovo,
duduha,1
duduva,
dufagi,1
dufaki,
dufedi,2
dufiku,
dufiqa,1
dufitu,
dufode,
dufoye,
dufuti,
dugako,
dugara,
dugaya,1
dugeba,
dugeku,
dugewa,
dugobe,1
dugoyi,
duguvi,
duhaqu,1
duhero,
duhije,3
duhijo,
duhive,2
duhiwi,1
duhope,
dujafe,
dujave,
dujazu,
dujide,
dujiwe,
dujufo,
dujumo,3
dujuqo,
dukaze,
dukiba,3
dukiwu,
dukozo,1
dulali,
dulewi,
duloyi,
dulute,2
dulutu,
dumaye,2
dumiqu,
dumobe,2
dumubo,1
dumudi,
dumuku,2
dumulo,
duneho,1
duneku,
dunoha,
dunuro,1
dupaki,1
dupato,
dupeva,
duposu,
dupulo,2
dupusu,1
duqaqa,
duqehe,1
duqepe,
duqubu,
duqufi,
durace,1
durava,
durigi,
duriro,2
duruge,1
duruta,
duruto,
dusumi,
dutadi,
dutecu,1
dutotu,
dutuda,1
dutufo,
duvace,
duvawo,1
duvayu,
duviju,
duvipa,3
duviri,
duviru,3
duvova,
duwemu,
duweve,2
duwise,1
duwosu,
duwupe,
duyike,
duyile,
duyimo,
duyodo,
duyuco,1
duzeju,
duzevi,3
duziri,3
duzore,
duzusi,
faberi,3
fabibe,
fabivo,
faboce,
fabopa,
facafi,2
facohi,
facucu,1
fadami,
fadero,
fadezo,
fadobi,
fadoca,
fadopa,2
fadota,2
fafine,1
fafoco,1
fafola,
fafole,
fafoqe,
fagibi,
fagimi,1
fagomu,
fagovi,3
fahahe,1
fahazu,1
fahiko,
fahobo,1
fahohi,2
fahovo,2
fahuzi,
fajeri,
fajesa,1
fajosa,
fajuno,2
fakifo,
fakina,1
fakipa,
falege,
falepe,
falewa,1
faliga,
faluge,
famada,
famaze,
fameko,
famuzo,
faniza,1
fanuyo,1
fapeve,1
fapoga,
fapoti,1
faqalu,
faqere,
faqeyu,
faqobo,
faqodo,2
fareko,3
farici,
farija,3
fariru,
fasegu,
fasezo,2
fasibi,
fasoye,
fasuru,3
fataqe,
fatawe,1
fatihe,2
fatiro,
fatuno,
favava,1
faveku,
favoke,
favoni,1
favote,1
favucu,
favuwo,3
fawajo,
fawalu,3
fawito,2
fawizu,1
fayato,
fayeru,1
fayobo,3
fayuba,1
fayuke,1
fayupo,
fazaye,2
fazazu,1
fazebi,
faziha,2
fazivu,2
fazuyu,
febepu,
febine,1
febotu,
febuke,
fecaqo,1
fecege,1
feceqi,1
fecipu,
fecuqo,2
fedebo,3
fedida,1
fedivi,2
fedole,
fefake,
fefaze,1
fefezu,1
fefiku,
fefubi,
fefuye,
fegajo,
fegawu,1
fegayo,1
fegepa,
fegicu,
fegika,1
fegori,2
fegovi,1
fegulu,
feguni,
fehali,1
fehavo,2
fehawu,
feheki,
fehidu,
fehiwe,2
fehiyi,
fehuci,1
fejalu,
fejawi,1
fejobe,
fejona,
fejule,
fejutu,3
fejuwe,
fekagu,
fekali,1
fekiba,1
fekuyu,
felago,
felawe,1
femari,1
femefo,
femeqo,
femeze,
femifi,
femobi,
femotu,
femuza,
fenapa,
fenavi,2
fenefa,
fenoqo,
fenube,1
fenufo,
fepara,
fepati,
fepawe,2
fepepa,
fepuge,4
fepure,1
feqesa,
feqime,
feregi,2
feruke,
fesanu,1
fesayu,1
fesoku,1
fesozu,2
fesuho,
fetayi,1
fetaza,
fetodu,2
fetuca,1
fetumu,
feveyi,1
feviba,1
fevuca,
fevuna,1
fevuwi,
fewabo,2
fewecu,
fewidu,
fewose,2
fewume,
feyafe,2
feyibi,
feyisu,1
feyofa,
feyure,
fezegu,
fezeli,1
feziku,
fezofa,1
fezuha,1
fezuru,
fibavi,
fiberi,1
fibuha,
ficepa,
ficopu,1
fidaje,
fideba,3
fidena,
fidina,
fidini,
fiduca,2
fiduha,3
fiduso,
fifafi,1
fifatu,2
fifobi,2
fifodi,1
fifofe,
fifozu,
figoju,
figowa,1
figuri,
fihamo,
fihavu,
fihibo,
fihige,
fihive,
fihofi,2
fihoje,
fihoyi,1
fihulo,
fihusu,1
fijiwa,
fijome,1
fijuqi,
fikamo,3
fikeke,2
fikele,
fikica,1
fikize,
fikuve,
fikuzi,2
filame,1
filuba,
fimafa,2
fimefo,1
fimige,
fimimo,1
fimote,1
fimuzo,1
finujo,1
finuku,
finuri,
finuzu,
fipaga,
fipawu,
fipayi,1
fipeqe,2
fipeqo,
fiqimi,
fiqono,3
fiqovo,
fiquwo,
firato,
fireje,
fisifi,
fisiza,3
fisuhi,
fisumu,
fitaqo,
fiteho,
fitifa,3
fitiqe,3
fitiru,
fitowi,
fituka,
fitura,1
fituyu,
fivejo,
fiviro,
fivoba,
fivope,3
fivoqa,1
fivosa,
fivote,
fivoye,
fivuge,2
fivuta,
fiweli,1
fiwiba,
fiwiwi,1
fiwoye,1
fiwuje,1
fiwusa,
fiyawi,2
fiyezu,1
fiyiga,
fiyovu,1
fiyuci,
fiyuje,1
fiyuma,
fiyuwo,1
fizewe,1
fizili,1
fizive,
fizuqi,
fobabi,1
fobazo,
fobazu,1
fobibu,
fobida,1
fobini,
fobufo,2
fobule,
focaki,1
focasa,
focevi,1
focowu,1
focuro,
fodeha,
fofefe,2
fofibo,
fofudo,
fofuna,1
fogadi,0
fogejo,1
fogihi,
fogiki,
foheka,2
fohiru,
fohiyi,
fohofo,
fohowi,
fohuhe,2
fohuka,3
fohuzo,
fojiza,
fojomo,1
fojove,
fojowi,
fojuri,1
fokaju,
fokece,
fokiha,
fokone,
fokura,2
folato,1
folavu,3
foloye,
fomara,3
fomidu,1
fomiqo,
fomuca,
fomugu,
fonena,
fonigo,2
foniju,
fonotu,2
fonovu,
fonuca,
fonuyi,
fopahi,
fopaje,
fopiro,2
fopuso,2
foqale,1
foqaqi,2
foqaza,
foqeso,2
foqosi,
foraqo,
forini,1
fosalo,
fosavo,
fosimi,
fosocu,1
fosodi,3
fosuhu,1
fosuji,
fotiwu,1
fotoku,1
fotoma,
fovaci,1
fovewi,
fovuva,1
fowalu,
fowimu,1
fowiro,
fowota,
fowupo,
foyanu,1
foyine,1
foyupe,1
foyuse,4
fozaqi,3
fozaza,
fozeba,2
fozoji,1
fozowu,
fubabi,1
fubici,
fubiza,
fubowu,
fuboyu,3
fubuca,4
fuceve,1
fucita,1
fucodu,2
fucono,1
fudano,
fudese,1
fudevo,
fudiji,2
fudiqa,
fudito,1
fudole,
fudubu,
fudumu,2
fuduvu,
fufeke,2
fufifu,
fufila,
fufubo,
fufuki,1
fugahu,1
fugaka,1
fugawo,1
fugidu,2
fugimu,1
fugoje,
fugozo,
fuguwo,2
fujaba,
fujaze,
fujiki,
fujofa,1
fukece,
fukeka,3
fukeke,1
fukepa,2
fukopi,
fukugu,1
fulagi,
fuleqi,
fuliki,1
fuliqe,
fumuga,
fumuyo,1
funeha,2
funoko,
fupaqe,
fupare,2
fupege,
fupofi,2
fupuva,3
fuqaji,
fuqenu,2
fuqeva,1
fuqilo,1
fuqoje,
fureva,
furezo,
furozu,1
fusiha,1
fusive,3
fusosi,
fusuji,
futabi,1
futape,2
futesi,
futeyu,1
futoqu,
futova,1
futube,2
fuvika,1
fuvuna,1
fuvuti,2
fuwebu,1
fuwiyi,4
fuwoze,1
fuyagi,1
fuyaje,1
fuyaki,1
fuyayi,3
fuyipo,
fuyove,1
fuyoyo,2
fuyozi,2
fuyupi,2
fuzece,1
fuzija,1
fuzise,
fuzoci,
fuzupu,3
fuzuya,1
gababi,
gabaya,1
gabaza,
gabeji,1
gabera,
gabizo,
gaboko,
gacafe,1
gacazu,
gaceba,
gacelo,1
gacico,1
gacofo,1
gacome,
gadalu,1
gadapa,
gadase,1
gadibo,
gadiqu,1
gadogi,
gaduto,
gaduwe,3
gafake,
gafare,
gafela,0
gafesi,
gafuve,
gagina,
gagivo,
gaguce,1
gagule,1
gagupu,
gagure,
gaguro,2
gaguza,
gahefe,
gahoyo,1
gahuco,2
gajanu,2
gajasu,
gajayi,
gajoqo,
gajuhe,3
gakapo,1
gakeda,
gakiku,
gakile,2
gakote,3
gakufu,2
gakujo,1
gakuqi,1
gakure,
galana,
galawe,2
galelu,
galepa,
galepo,1
galinu,
galuce,2
galucu,1
gamari,
gamati,1
gameke,2
gamemi,2
gameya,
gamuha,
ganewo,1
ganifa,1
ganiga,
ganoto,
ganutu,
gapani,1
gapaqe,
gapepi,
gapogu,
gapomo,2
gapona,1
gapuga,1
gaqaca,2
gaqacu,
gaqehi,
gaqiyi,
gaqule,
gaqure,
garahi,1
garejo,
gareka,1
garisi,2
garojo,1
garumu,
gasabe,1
gasafe,
gasegi,1
gatabi,2
gataka,1
gatalo,
gatira,2
gavali,
gavihu,2
gavine,
gavuyu,2
gawafo,
gawavi,
gawecu,2
gawiwo,1
gawobo,2
gawuvo,
gayamu,1
gayinu,2
gayosi,1
gayoso,1
gayulo,1
gazadu,
gazajo,
gazamu,
gaziwa,1
gazofa,
gazoga,2
gazogi,2
gebewu,
gebizu,
gebowo,1
gebuwa,1
gebuyo,1
gebuze,2
geceqa,2
gecize,2
gecugo,
gedevi,
gedize,1
gedoji,
gedulo,
gefaba,2
gefaru,1
gefiqo,1
gefohi,
gefope,
gefore,1
gefuyi,
gegara,
gegequ,
gegofu,1
gegogi,1
gegugu,1
gegulu,1
gehaqa,2
gehevi,
gehuca,
gehujo,2
gejaje,1
gejeka,
gejoza,
gekage,1
gekiqo,
gekoto,1
gelaba,1
gelage,2
gelaki,1
geleqi,
geleve,
geluga,
geluye,
gemeni,1
gemeqi,3
gemifo,2
gemugo,
gepili,
gepinu,2
geqohu,
gequfu,
gequju,3
geraqu,2
gerula,1
geside,
gesiru,
gesoki,
gesopo,3
gesula,
getaru,1
getige,1
getika,1
getoyu,2
getupa,1
geveho,2
gevino,2
gevobi,2
gevoca,1
gevudu,4
gevufu,2
gewina,1
gewira,
gewofo,
gewuma,1
geyeqi,2
geyivu,3
geyuci,3
geyuli,
gezaji,2
gezaki,
gezavo,2
gezepe,
gezifi,2
gezivu,
geziwu,
gezogi,2
gibape,
gibeco,
gibezo,
gibida,1
giboda,
giburo,
gicafe,
giciki,
gicuse,
gicuve,1
gidama,2
gidegu,
gideri,2
gidosu,
gidoya,
gifepa,1
gifica,2
gifiwu,
gifoda,
gifuce,
gifuve,
gigipi,1
gigiwe,1
gigiya,2
giguso,
gihicu,2
gihide,1
gihoci,
gihodi,4
gijase,
gijuro,
gikalo,1
gikepu,1
gikira,1
gikuja,1
gilegi,1
giliya,1
gimipe,1
gimugu,2
ginako,1
ginefa,
gineve,
ginigo,1
ginufi,1
ginuvu,2
gipizo,
gipofa,1
gipori,3
gipuru,
giputu,1
giquke,1
girefo,1
gireto,1
gireyi,1
girici,
girido,
giroti,
giroye,1
gisiga,2
gisini,
gisinu,1
gisiwu,1
giteni,1
gitepa,
gitike,
gitoqu,1
gitoyi,
givera,
givuho,1
givuvo,
giwacu,2
giwewu,1
giwipo,
giwupu,1
giyedo,1
giyeqa,
gizica,2
gizohi,1
gizoni,
gizupu,2
gizuya,
gobite,1
gobuke,
gobuli,
gobuti,1
gobuvo,2
gocari,1
gocece,
gocewo,1
gocika,2
gocizi,
gocone,
gocuno,1
godaci,1
godene,
godoyi,
godufi,
godute,
gofaqa,
goganu,
gogaro,2
gogeze,
gogipu,
gogoju,
goguru,2
gohape,
gohara,
goheti,
gohewi,2
gohiba,1
gohoya,2
gojegi,2
gojere,
gojihi,
gojiye,
gokavo,
gokawi,3
gokeda,1
gokejo,
gokoce,
gokuci,
gokunu,
gokuya,
golapo,2
golapu,3
goleni,
goloso,
golutu,1
gomadu,1
gomali,2
gomoso,
gomuna,3
gonaja,
gonako,
gonata,1
gonewi,2
gonige,2
gonima,
goniyi,1
gonowo,1
gonufi,
gopabi,1
gopigo,3
gopopo,
goqici,1
goquma,2
goragu,
gorepa,
gorizi,1
goroju,3
goruku,
goruno,
goruye,
gosiwi,1
gosudi,3
gotana,1
gotavi,5
goteho,1
goteqe,
gotifi,
gotiga,
gotole,
gotozo,
gotuji,
goveda,2
govibe,3
govico,
govida,3
govofu,3
govuka,1
gowafi,
gowaga,
gowato,
gowayu,
gowubi,
goyaga,
goyemi,1
goyire,
goyohi,2
goyuge,
goyuye,
gozije,
gubido,
gubopa,
guceye,
guceyu,
gucofu,
gucovu,
gucuva,
gudaba,3
gudajo,2
gudeqa,
gudise,1
gudobu,1
gudode,1
gudoka,
gufaqa,2
gufici,
gufiju,
gufima,
gufive,
gufiwu,1
gufoja,1
gufotu,
gufuci,
gufuqi,
gufuru,
gugama,1
gugiki,
gugiro,1
gugofo,
guguwe,
guhaqu,1
guhaye,1
guheto,3
guhifi,
guhoko,3
guhupi,2
gujasa,1
gujaso,
gujene,
gujibo,
gujico,
gujumo,
gukanu,1
gukozo,
gulego,2
gulopi,
guluna,1
gumaga,
gumeki,1
gumoqo,
gumore,2
gumunu,1
gunaco,2
gunaha,
gunawa,1
gunefe,1
guneme,1
gunimu,2
gunoqo,2
gunozu,
gunuba,2
gupana,
gupanu,
gupare,
gupevi,
gupibo,
gupifa,
gupugo,
gupuhe,1
guqatu,3
guqita,1
guqoda,
guqote,
guquda,
gusabe,2
gusana,2
gusefu,1
gusise,
gusiye,1
gusupe,
gutawa,2
gutebu,
guteyo,2
gutime,2
gutipo,1
gutotu,
gutucu,
guvaja,
guveho,1
guvipo,1
guvoga,2
guvoli,1
guvucu,1
guvuve,
guwago,
guwedu,
guwihi,1
guwipo,1
guwope,1
guyupu,2
guzaba,1
guzava,2
guzebi,
guzico,
guzufu,
habaqe,3
habasi,
habewa,1
habohi,1
habudo,
haburu,3
habuta,2
hacaso,
hacera,2
haciji,
hacime,
haciwi,1
hacofu,
hacuro,3
hadala,1
hadeci,1
hadego,2
hadeju,2
hadika,
hadono,3
hadoyo,
hadozo,
haduzi,1
hafaje,2
hafaqo,2
hafosi,1
hafowi,1
hagevu,2
hagodu,1
hagura,1
hahibi,
hahula,
hajaku,
hajasi,
hajavi,
hajaza,
hajeja,
hajinu,
hajiyi,
hajopo,
hajozi,2
hajuhu,
hajuro,
hakaju,
hakeso,
hakiva,
hakoje,1
hakupe,
hakupu,
hakure,2
halaku,
halawi,1
halifo,
halihu,1
haloho,1
haloku,2
halopu,
haloqi,
haluju,
hamawo,2
hamewa,
hamitu,
hamodo,1
hamome,1
hanedo,1
hanezi,
haniso,
hanona,1
hanozu,
hanufi,
hapahi,
hapawe,2
hapemo,2
hapide,1
hapora,
haputo,
haqaqe,
haqara,1
haqebi,2
haqemu,2
haqiqa,
haqoca,
haqoze,
haraco,
haradi,2
haraka,1
haribe,
harope,
hasafa,
haseji,
hasepa,1
hatani,
hativu,1
havahe,2
havake,1
havave,
haviha,
havila,
haviri,
havobe,
havodo,2
havofu,2
havoye,
havuba,1
hawoha,2
hawoja,
hawonu,1
hawuzi,
hayaqi,
hayavu,2
hayego,2
hayowu,
hayuce,1
hayuqo,
hayuwo,
hazedi,
hazepo,1
hazota,
hazoya,3
hebaku,
hebeme,2
hebugu,1
hebuto,
hecayi,
hecega,2
hecofa,
hedahe,1
hedefi,
hedoya,2
heduto,
hefara,
hefomo,
hefura,1
hefuvo,2
hefuwe,1
hegelo,
hegibu,2
hegilo,1
hegoli,
hehaji,
hehawo,1
heheqe,
hehibe,
hehigo,
hehodi,
hehoye,
hehoze,1
hehujo,1
hehuka,
hejiha,2
hejiti,2
hejogu,
hejoma,
hejori,1
hekake,
hekoli,
hekozu,
hekuwe,1
helage,
helago,2
helaqo,1
helefo,
heloso,
hemipi,1
hemoda,2
hemome,1
hemora,2
henade,
henaqa,2
henavu,
heniwa,
henote,3
henura,
hepaje,
hepena,1
hepipu,
hepusa,2
heqaba,1
heqacu,2
heqago,
heqegu,1
heqida,2
heqili,2
heqofo,
hequlu,
heramo,1
heraqa,1
herido,
herigo,1
herori,
herubu,
hesaqo,
heseku,
hesibu,
hesiti,1
hesocu,
hesola,
hesolo,
hesuda,2
hesuqi,2
heteje,
hetosu,2
hetuku,1
hevefa,3
hevovo,1
hevoya,
hevuhu,
hewani,1
hewece,
hewizo,1
hewoqo,1
hewuda,2
hewulu,
hewuye,1
heyimu,3
heyiti,1
heyoke,
heyolu,1
heyove,1
heyuco,1
heyumi,2
hezeso,1
hibegi,1
hibeto,2
hibiya,1
hiboca,1
hibugo,
hibune,
hicave,2
hicavo,2
hicero,
hicigu,
hiciye,
hicodi,1
hicujo,
hicuwu,
hidaji,2
hidapu,
hidefo,
hidino,1
hidobi,
hiferu,
hificu,3
hifipe,
hifuke,
hifuno,1
hifuze,1
higaro,1
higefo,1
higejo,2
higeve,
higiba,2
higida,1
higiwe,2
higofo,1
higovu,1
higufa,1
higuzo,1
hihepo,3
hijema,
hijilu,
hijiro,3
hijoqa,
hijubo,3
hijumi,
hijuze,1
hikehe,
hikucu,
hikutu,3
hilazo,
hiletu,
hilimi,
hiluwi,
himaho,2
himewu,
himoma,
himufo,1
himunu,1
himusu,2
hineyi,2
hinoye,1
hinuli,
hipade,
hipaku,1
hipape,
hipeko,
hipiku,
hipubu,
hipute,
hipuzi,1
hiqafi,1
hiqaji,
hiqase,
hiqeci,1
hiqeme,
hiqeqi,2
hiqezi,1
hiqicu,
hiqile,
hiqiyi,
hiqiyo,
hiqoqo,
hiquki,
hiquwo,
hirebi,2
hirehe,
hireqi,
hirogi,
hirufa,
hisabo,1
hisacu,1
hisoru,
hisuba,
hisuro,2
hitala,1
hitame,
hitaye,
hitisu,
hitiyi,
hitofo,
hiveka,2
hivese,1
hivode,1
hiwelu,
hiwiye,
hiwofe,1
hiwufo,1
hiyabi,
hiyebe,3
hiyigu,
hiyike,
hiyiro,3
hiyiyo,
hiyuke,2
hiyumo,
hiyuwa,2
hizegi,
hizeri,
hizigu,
hizodu,4
hizuja,1
hobacu,
hobege,3
hobewe,1
hobibu,
hobiyi,
hobote,1
hobufe,
hobuna,
hoceco,
hocegi,2
hocete,
hocobo,2
hocofa,
hocuju,
hodaha,1
hodeti,1
hodezu,1
hodisa,
hodocu,
hododo,
hodufi,
hoduli,
hofago,3
hofaji,1
hofeka,2
hofige,
hofumi,3
hogava,
hogebu,1
hogote,
hoheqo,
hojaba,
hojagi,
hojawo,
hojeha,1
hojica,
hojika,1
hojiso,2
hojiza,
hojudi,
hojuhu,
hojute,4
hojuwo,1
hokagi,
hokaje,
hokezu,2
hokipa,2
hokoke,
hokopu,
hokuwu,2
holaho,
holima,
homayu,1
homije,
homocu,
homode,1
homogu,
homoqe,1
honako,1
honepe,1
honoro,
hopabe,2
hopamo,
hopigi,1
hopisi,
hopoge,
hopohi,2
hopori,1
hopota,
hopuwo,
hoqehu,
hoqeno,1
hoqugu,1
horefu,
horica,2
horipi,
horusa,
hosago,
hosiba,
hosido,
hosime,
hosuyu,
hotevo,3
hotoce,1
hotuna,1
hovapu,
hovera,2
hovodi,
howahu,1
howice,1
howope,2
howoqo,
howuha,1
howumu,
hoyano,1
hoyeke,1
hoyino,
hoyira,
hoyogi,1
hoyuvo,2
hozavi,
hozesa,
hozopo,
hubafi,2
hubaja,2
hubare,
hubena,1
hubili,
hubini,2
hubura,2
huceje,3
hucica,1
hucoku,1
hucoqi,
hucoru,
hucozi,2
hudamu,
hudawa,
hudesi,1
hudobu,2
hudufo,2
hufane,
hufizo,1
hufova,
hufuji,
hufuni,2
hufupe,
hufuqo,1
hugiwe,
hugoko,1
hugoma,3
hugupi,2
huheho,
huhopo,1
huhowo,2
hujate,
hujoki,1
hujumo,
hukipa,
hukune,
hulaga,
hulobe,
hulohi,
huloja,
huloma,1
hulova,
humegu,1
hunate,1
hunazu,3
hunori,
hunuge,2
hunupo,3
hupunu,
hupura,1
huqoda,
huquge,
huquna,3
huronu,1
huroqi,
huruke,
husefe,
huseli,2
husipe,
husosi,2
hususu,
hutavu,1
huticu,1
hutije,
hutipa,2
hututa,
huvahe,1
huvaji,1
huvapu,
huvihi,2
huviji,1
huvinu,
huvipa,2
huvitu,
huvowa,
huvuha,1
huvuhe,2
huweyi,1
huwuce,
huwudo,1
huyare,
huyiso,1
huyopu,1
huzade,0
huzase,
huzese,
huzore,
huzowe,
huzuvu,1
jabawe,2
jabaye,3
jabepo,1
jabeqi,1
jabevo,
jabiru,
jacaju,
jacati,
jaceha,
jacetu,
jacewe,
jadadi,1
jadale,2
jadanu,1
jadave,
jadawe,
jadete,
jadimu,
jadobo,
jafehe,2
jafifu,
jafoke,
jafoqa,1
jagavo,3
jagoce,1
jagozi,3
jagumo,1
jagupe,
jahitu,
jahume,1
jahuzi,3
jajenu,
jajiva,3
jajore,
jajumi,
jakege,1
jakoda,
jakuvo,
jalaki,1
jalawi,
jalowu,
jaluze,
jamebi,1
jameka,
jamofi,
jamoko,
jamota,
janola,
japevi,
japiwi,
japodi,
japoge,1
jaqacu,
jaqare,1
jaqase,
jaqega,1
jaqiyu,
jaquhe,
jarahi,
jarati,1
jariso,
jarobe,1
jaroga,
jaroka,2
jaruri,3
jasawu,
jasida,
jasiku,1
jasoko,1
jatepi,
javalu,1
javesa,3
javihu,3
javujo,
jawawe,2
jawisu,2
jayamu,
jayina,1
jayoho,
jazamo,1
jazega,2
jazidi,
jazike,3
jazope,3
jazuda,
jebafe,1
jebilo,
jebole,1
jeboru,2
jecebe,
jecoka,
jecowo,
jecudi,1
jedeja,1
jeduna,2
jefefi,
jefogu,
jefuta,
jegeho,1
jegijo,
jegiqo,2
jeguca,
jehefa,
jehezi,
jehoti,
jejari,2
jejepu,
jejibe,
jejoge,1
jejovo,
jejuje,
jekaba,
jekape,
jekimi,2
jekimu,2
jekope,
jelaco,
jelade,
jelawe,1
jeliqa,
jeloqo,2
jemica,
jemole,
jemuqa,
jenaci,
jenebe,3
jenofa,2
jenusu,
jenuwi,1
jepare,2
jepeha,
jepeno,2
jepigi,1
jepoza,2
jeqitu,1
jeqolo,1
jeqozu,
jequpa,2
jeragu,
jerehi,1
jeroje,
jeroso,1
jeseju,
jetaru,1
jetata,2
jetoja,1
jetulu,2
jeveru,
jevife,
jevivo,
jevuko,
jeweno,1
jewifi,
jewopo,
jewuve,1
jewuwa,
jeyiso,
jeyofo,
jeyoki,1
jeyufi,1
jeyuke,
jezibi,
jezofi,2
jezosa,
jezuqa,
jezuza,
jibeja,
jibequ,
jibini,1
jibisi,
jibisu,
jibuda,1
jicaba,
jicazu,1
jiceni,
jicifo,
jicili,1
jicipe,2
jiciqe,
jicocu,
jicuro,
jidemu,1
jidina,
jidufa,
jiduka,1
jidumo,1
jifeja,
jifiha,
jifohu,1
jifuge,2
jifusa,2
jifuzi,
jigefa,
jigeho,1
jigere,
jigija,1
jigota,1
jihasi,
jihavo,1
jihoqu,
jihoro,
jihuvi,
jijabu,
jijija,
jijotu,1
jijupu,2
jijuto,
jikive,1
jikuya,
jilobo,2
jilopa,
jimawa,2
jimina,1
jimoce,
jimoko,
jinite,1
jinote,2
jinuce,
jinudo,
jipale,
jipipu,
jiqiju,
jiqudi,
jirafa,
jiraya,1
jirica,
jirize,
jiruce,
jirunu,
jisano,
jisapu,
jisaro,
jisava,3
jisewo,
jisiba,2
jisici,2
jisofa,1
jisubu,1
jisuro,1
jitego,
jitife,
jitiri,
jitiya,2
jitoke,1
jitome,1
jitugi,
jitune,1
jituro,
jivifo,
jivoko,
jivori,
jivuda,
jiwide,
jiyaye,
jiyime,1
jizebi,1
jizihi,1
jizoda,
jizodi,1
jizomi,2
jizomu,1
jizope,1
jizoso,
jizozo,
jizudi,1
jobanu,
jobefo,
jobeti,3
jobiyi,
joboka,
jobose,2
joboyi,3
jobugu,
jocibo,
jocito,
jodaqo,
jodasu,
jodife,1
jodusa,3
jofanu,
jofaqu,
jofulu,
jofuzi,1
jogavu,3
jogefi,
jogemu,
jogiga,
joguwu,1
johada,
johefo,2
johima,
johina,
johiqa,1
johoqi,1
johoqu,1
johuci,
johuko,
jojebo,1
jojiso,1
jokage,
jokato,
jokiva,
jokovi,2
jokune,
jolaka,2
jolate,2
joloya,4
joluwe,
jomavu,
jomeli,2
jonili,
joniqe,
jonowo,
jonunu,
jopafo,
jopedo,
jopelo,
jopeyi,1
jopoca,1
jopuho,2
joqaja,1
joquru,1
jorapa,2
joredi,
joretu,1
jorori,1
joroyo,1
josemi,
josezi,1
josowo,
josuma,2
jotehi,2
joteka,3
jotesi,
jotete,2
jotiha,
jotike,2
jotisa,1
jotofo,2
jotonu,
jotopi,
joveta,1
joveyo,1
jovila,
jovonu,1
jovufu,
jowavi,
jowaya,1
jowema,1
jowofi,
jowuzi,1
joyami,
joyeqi,
joyibo,1
joyiga,2
joyimu,
joyoze,
joyuqe,
jozaku,2
jozejo,2
jozosa,
jozuke,
jubado,3
jubaje,
jubaku,3
jubaza,
jubori,
juboru,1
juboso,
jubowa,2
jubuju,2
jucewu,1
jucezi,
jucija,
jucimu,
jucisa,
jucodu,
jucoke,
jucowo,1
judija,
jududa,1
judupe,
jufala,
jufowi,1
jufuqo,
jugafi,1
jugidu,
jugohi,1
juhaca,
juhaga,
juhazo,1
juhebi,3
juhiqi,2
jujeku,
jujeme,
jujepi,
jujeze,1
jujigo,
jujiko,1
jujivi,3
jujuqo,
jujusa,
jujuto,
jukaqo,
jukazo,
jukegi,1
jukezi,3
jukiki,
jukivu,1
jukofo,
julajo,2
julego,1
juleta,2
juliwe,
julovu,
jumeji,1
jumeju,2
jumeri,1
jumipa,2
junaqo,
junece,3
juneja,
junoyi,
jupaha,
jupope,2
jupuru,3
juqame,
juqobu,1
juqodo,
juqope,1
juqosi,
juquto,3
jurefu,
jusani,1
jusavu,3
juseba,
jusehi,2
juseko,2
jusufi,3
jutaqi,
juteme,
jutero,
jutibe,
jutiru,1
jutoki,1
jutuwe,1
juvawi,
juvoni,
juvoto,1
juwadu,
juwati,1
juweku,2
juwiwa,
juyadu,
juyira,
juyoci,1
juyuba,2
juyuda,2
juzaro,
juzeco,
juzeya,1
juzifi,2
juziqo,1
juzoca,
juzole,3
juzomi,
juzuvu,
kabane,2
kabazo,
kacafa,
kaceto,
kacika,2
kacufe,1
kadaja,
kadeha,2
kadewa,
kadiju,
kadiko,
kadobo,
kafade,1
kafeqo,
kafoho,
kagala,2
kagari,
kagedu,1
kagiko,1
kaguva,3
kahabi,2
kahadi,2
kahamo,1
kahamu,
kahibi,
kahice,3
kahime,
kahota,
kahoya,
kahozi,1
kahupu,
kajaye,
kajefo,2
kajeso,1
kakawi,
kakufu,3
kalaso,
kalebu,
kaleyi,2
kalice,1
kaliko,
kalovu,
kalubi,1
kamabi,
kamegu,1
kamesu,
kamiyo,2
kanadi,
kanawu,
kanigu,1
kanomo,
kanusa,
kapara,
kapesu,3
kapido,
kapise,1
kaqege,
kaqepu,1
kaqesi,2
kaqita,
kaqoda,
kareka,
kareqa,
karime,3
karoge,
karonu,
karuha,2
kasaqi,
kasaqu,
kaseti,1
kasugo,1
kasuje,
katage,
katesi,2
katuti,1
katuvi,
kavoka,
kavuqo,3
kawehu,2
kaweka,
kawoju,
kawovi,
kayafa,1
kayayu,1
kayodu,1
kayono,1
kebedu,
kebino,
kebira,1
kebite,
kebusa,
kecabo,
kecala,
kecuho,2
kecune,
kecuzu,
kedeja,
kediwo,
kedoju,
kedoni,
kedoqu,
kedowu,
kefako,
kefejo,1
kefewe,3
kefifo,
kefiki,
kefise,4
kefiwi,
kefohu,
kegasu,
kegido,
kegiva,1
kegotu,
kehado,
kehoye,2
kehuce,
kehuna,1
kejagi,
kejehe,1
kejenu,2
kejisa,
kejiwe,
kejofu,
kekeca,
kekiyi,
kekobo,1
kekoce,
kekubi,
kekulo,3
kekupo,
kelamu,
kelase,1
kelebu,
keliqe,3
kelome,
keluhu,1
kemara,1
kematu,1
kemobe,1
kemome,3
kemovo,1
kenehi,2
keneso,
keneya,1
kenodi,
kenojo,
kenoyi,2
kenure,1
kepepo,2
kepeze,
kepipe,2
kepiwu,
kepomu,
kepoyo,
keqaja,
keqequ,
keqiza,1
kerahe,1
kereko,1
kerena,
kerofu,2
kerujo,
kesabe,
kesaso,
kesati,
keseve,
kesiga,2
kesipa,1
kesipi,3
kesode,1
kesuhe,2
ketata,
ketiro,
ketume,
kevahu,
kevifi,
kevupe,
kevuyo,3
kewabe,1
kewaja,
kewapo,2
kewofa,1
kewoze,1
keyeja,
keyepe,2
keyeso,
keyiwo,1
keyobu,1
keyuwa,1
kezeki,
kezomu,
kezube,
kibace,1
kiboci,2
kiboku,1
kibozu,
kibuge,
kibula,1
kicapa,
kicicu,2
kicima,
kicofe,1
kicupi,3
kidayo,3
kideki,
kidemu,
kideva,
kidudi,
kifeni,
kifewe,
kifine,
kifomu,
kifoyo,2
kifumu,
kifuwo,
kigale,
kigewo,2
kigigi,1
kigiyo,1
kihoro,
kijeco,
kijolo,
kijudo,2
kikini,2
kikipa,1
kileqe,
kilesi,1
kilimi,1
kiliyi,1
kimana,3
kimece,1
kimimu,1
kimini,1
kimise,2
kimoho,1
kinebi,2
kinode,
kinuqi,1
kipabo,
kipofi,
kipone,3
kipuma,
kipusu,
kiqedi,
kiqefa,
kiqoto,1
kiquki,
kiquvu,2
kiragu,
kirako,1
kirawa,2
kiraya,1
kireba,
kirede,2
kiridi,
kiripa,1
kiroge,
kirore,2
kirove,3
kirovo,1
kirumu,
kiruni,1
kirupu,1
kisagu,
kisiwu,
kisoqo,1
kisudo,1
kisusa,
kitani,2
kitone,1
kitozi,1
kituji,1
kitume,1
kivogi,
kivopi,
kiwata,
kiwawu,
kiwaza,1
kiwazu,2
kiwefu,
kiweko,2
kiweza,1
kiwime,1
kiwina,1
kiwoda,2
kiwolo,
kiwonu,2
kiwulu,
kiwupo,1
kiwuwi,2
kiyadu,1
kiyago,1
kiyici,
kiyide,
kiyuho,1
kiyuju,
kiyuqu,
kizawi,1
kizinu,1
kizono,
kobato,1
kobegi,
kobita,
kobiya,1
koburo,
kocaci,1
kocava,1
kocedo,1
kocidi,
kocige,
kocora,3
kocunu,1
kocuza,
kodaha,
kodude,
kodumo,2
koduro,
kofebu,
kofoli,1
kofona,1
kogiko,
kogoda,
koheju,1
kohero,
kohiwu,1
kohowu,2
kojaji,1
kojari,
kojazi,
kojiqu,
kojoco,
kojoma,2
kojuyu,3
kokini,
kokoja,1
kokudi,
kolawa,
kolebe,1
kolebi,2
koleya,
komare,
komego,1
komeye,
koname,1
konara,
konase,2
konemo,
konoho,2
konoqo,1
konuza,2
kopafu,1
kopelu,
koqejo,
koqezu,1
koqoqi,2
korapi,
koreja,
korema,2
korepe,
koroba,1
koroku,
kosazo,
kosebu,
koseta,
kosire,
kosohe,
kosopa,
kosoto,
kosuma,2
kosune,
kotagi,
kotake,
kotedi,2
koteza,
kotibi,1
kotiha,2
kotoma,1
kotora,1
kovigi,1
kovika,1
koviqe,
kovosu,
kovowe,3
kovubu,1
kovutu,2
kowabi,1
kowari,
kowasu,2
koyala,1
koyeso,1
koyiba,1
koyuhi,
koyuti,
kozavi,2
kozefe,
kozeyo,
kozije,
kozocu,1
kozozo,
kubasi,
kubeta,
kubogu,1
kubohu,
kubudi,1
kuburu,
kubuti,
kucagi,2
kuceko,
kucuhe,2
kudama,2
kudanu,
kudofi,
kufawa,1
kufedi,1
kufiji,2
kufone,3
kufupu,2
kugeji,1
kugeko,
kuguka,
kugusu,
kuhadi,
kuhafi,
kuhalu,
kuhequ,3
kuhohi,2
kuhuzo,
kujace,
kujehu,
kujeyo,
kujigi,
kujohe,
kujuba,
kujuwi,
kukago,1
kukewo,1
kukezo,1
kukici,2
kukihu,1
kulahi,2
kuleja,2
kuleze,1
kulimo,1
kulore,
kulove,1
kumeni,
kumeva,2
kumiho,2
kumoku,2
kumozi,1
kunahe,1
kunane,
kuneva,
kunida,1
kunido,1
kunivu,2
kunufo,
kunumo,3
kupabi,1
kupaco,0
kupade,
kupaka,2
kupedi,
kupico,1
kupida,
kupihi,1
kupiqe,
kupoyu,
kuqaku,
kuqeyi,2
kuqoha,1
kuqoli,
kuqonu,1
kuqowa,
kurazu,
kuricu,
kurodi,2
kuroka,
kuroqo,
kusawu,
kusivu,1
kusufa,
kutahu,
kutehe,
kuvaya,3
kuvuwe,
kuwevo,1
kuwifi,
kuwijo,
kuwira,2
kuwoto,
kuwuwa,1
kuyada,1
kuyaku,2
kuyale,1
kuyilo,
kuyoni,1
kuyope,1
kuyure,
kuyute,
kuzepe,2
kuzewa,3
kuzica,1
kuzije,1
labahe,1
labiho,
labuli,2
labuwo,
lacape,2
lacewo,
ladado,1
ladasu,3
ladata,1
ladizo,
ladoza,
lafeqe,1
lafevo,1
lafimu,1
lafipe,
lafisi,
lafoce,
lagegu,1
lageta,2
lageva,
lageye,1
lagibo,
lagiyo,2
laguca,1
lagufu,2
lagumi,1
lagupe,
laguvo,
lahegu,
lahewu,
lahoyi,2
lahufa,2
lahume,2
lahusi,
lajaru,
lajefe,
lajegi,
lajela,
lajuna,1
lakana,1
lakera,
lakiro,1
lakiyi,
lakojo,
lakoku,2
lakuke,1
lalega,2
lalina,
lalohe,
lalugo,1
laluho,1
laluko,
lamale,
lamebu,2
lamegu,
lamiqo,1
laniyo,
lanocu,1
lanoha,2
lanude,2
lapanu,1
laperi,
lapeyi,
lapibu,
lapija,
lapupo,
laqame,1
laqate,2
laqumi,
laquwo,2
laribu,2
larowi,1
laruko,1
lasade,
lasafe,2
lasoda,
lasofe,1
lasuha,
lasuji,2
latafe,
latuba,1
latuli,
latusu,2
lavahe,
lavemo,1
lavole,1
lavore,
lavowi,1
lavubu,
lawena,2
lawigu,1
lawiro,
lawiye,
lawuga,1
lawupa,
layaro,
layedu,2
layova,
lazeko,
lazigi,
laziwa,1
lazoci,
lazono,
lazuba,3
lazuda,
lebali,
lebazi,
lebeba,1
lebene,2
lebono,
lebuci,1
lebuku,1
lecafu,2
lececo,
lecepa,
lecewu,
lecice,
leciho,2
ledefe,
ledefo,
ledewa,
ledibu,1
ledocu,
ledohu,1
lefaca,1
lefame,1
lefeza,3
lefiba,
lefigu,1
lefire,1
legayi,2
legena,1
legeno,
legenu,1
legice,3
legihi,
legito,
legizo,1
legota,1
lehaco,2
lehequ,1
lehese,
lehici,1
lehipa,
lehogi,
lehoma,1
lehuhe,
lejiyu,1
lejucu,
lejufi,1
lekabi,
lekiti,
lekoyo,
lekuri,1
lelamu,
lelido,
leluja,
leluje,1
lemaku,
lemepi,
lemihi,1
lemisa,2
lemiyo,
lemomi,
lemosu,
lemugi,
lenelu,
lenihu,2
lenomi,
lepile,1
lepiwi,
leqeya,3
leqilu,1
leqobu,
lequmi,1
lequso,
lequte,
leriru,
leriwe,
leruvu,
leseho,1
lesici,3
lesido,4
lesodi,1
lesuja,3
letejo,2
letera,2
letiso,
letopa,2
letuti,
letuto,1
letuwu,1
levani,
levebo,
levege,1
leveqe,1
levivu,
levubo,2
lewiwi,1
lewiya,1
lewovi,1
lewufa,
lewumi,1
lewuti,
lewuwu,
leyahu,1
leyaku,1
leyijo,
leyopa,1
lezaje,
lezosa,
libobu,1
libumo,
licagu,2
licaru,
licika,
licili,1
licipe,
licoqi,
lidaco,1
lidaqe,2
lidega,
lideye,
lideyo,1
liduqu,2
lifabu,
lifecu,
lifefa,2
lifina,1
lifoho,
lifolo,2
lifuju,1
ligahu,2
ligano,
ligazi,
ligive,
ligobe,
ligofi,
ligozu,2
liguju,
lihafo,
lihewe,2
lijafu,
lijowe,
lijude,
likaco,2
likapa,1
likayu,
likefo,
likibe,
likini,1
likovu,3
likoyo,2
lilebe,2
lilofo,
liluca,1
liludo,
limege,3
limifa,1
limipi,
limiyo,
limoqa,
limowa,
limubi,2
limulo,1
limuqe,
limura,
linaru,
linilo,1
linima,
linobu,
lipaqe,
lipeqe,
lipiya,
lipopu,
lipuda,
liqaro,
liqile,3
liqiqa,
liqiyi,1
liqogo,2
liqojo,
lirevu,2
lirihe,1
lirowu,
lisahu,1
lisica,
lisube,
litagi,
litefo,2
liteha,
livehi,2
livide,
liwasa,2
liwase,
liwate,2
liwato,2
liweva,2
liwihe,
liwiki,1
liwoqi,1
liyeya,2
liyone,
liyopi,
liyube,
liyuli,
lobati,
lobevu,1
lobimu,2
lobuvi,2
lobuze,1
locewe,
locowe,
locuvu,
locuwu,1
lodara,1
lofaro,
lofoto,2
lofugo,1
lofuvi,
logaru,
logeta,3
logevi,2
logewi,1
logina,2
logowe,1
logulu,1
loguto,1
lohapu,2
lohayi,1
lohepu,
lohiqo,2
lohube,
lojucu,
lojugu,1
lokejo,1
lolaho,
lolama,1
loleka,
lolile,1
lolima,
lolowu,
loluzi,4
lomuri,
lonaru,1
loneku,
lonuci,
lonuma,1
lonuwe,
lopemu,
lopoba,
lopogi,2
lopovo,
lopuva,1
loqapo,
loqome,3
loquqo,
lorabu,
lorapi,
loregu,
lorele,
loridi,
lorini,1
lorove,
loruwe,1
losayu,1
losegu,2
losofi,
lotaqi,
loteti,
loteyo,1
lotine,
lotubo,
loveqe,
lovesa,
lovole,1
lovovu,
lovudu,
lovuya,
lowaza,2
lowibu,
lowobu,1
lowuli,2
lowuvo,1
loyabo,1
loyafu,2
loyiwo,1
loyizi,
loyoke,2
loyosu,1
loyuna,1
loyuwe,
lozawi,
lozimu,1
lozisu,2
lozogo,
lozoje,2
lozona,1
lubaqi,1
lubata,2
lubeho,1
lubija,
lubiki,1
lubonu,
lubozu,3
lubuqi,
luceho,
luceti,
luciyo,2
lucuvu,1
ludaqo,1
ludebo,
ludesi,2
ludije,2
ludiwu,1
lufidu,
lufiyi,1
lufove,
lufuha,1
lufuqe,1
lugica,
lugoba,
luhepi,1
luhobu,2
luhuqe,1
luhusi,
luhuzu,
lujawu,2
lujoqe,
lujuto,1
lukaqi,
lukaso,1
lukayu,1
lukeje,2
lukiwa,1
lukuvo,
luliqu,
lulucu,
lumali,
lumayu,1
lumefo,
lumica,1
lumoja,4
lumowa,1
lumudu,
lumune,3
lunazi,1
lunebi,3
luneca,
luneli,1
lunice,1
lunife,1
lunike,
lunulo,3
lupasu,
lupeli,4
lupowa,
lupoza,3
lupuzi,1
luqehu,
luquwe,
lurafe,
lurego,
lureko,
luroca,
lusave,
lusaya,1
luseha,0
lusene,2
luseva,1
lusiqe,
lusise,1
lusiyo,
lusojo,3
lusoku,2
lusufu,
lutani,1
lutatu,
lutiba,
lutiye,2
luvave,2
luveqo,1
luviwa,
luviyi,
luvoju,
luvosi,
luwepi,3
luwoni,2
luyemo,
luyeyo,1
luyike,
luyini,1
luyono,
luyote,1
luzaca,2
luzazu,3
luzeka,
luzicu,
luzipu,
luzoda,3
luzufo,
luzuhe,1
mabafo,2
mabaqi,3
mabezu,2
mabico,1
mabino,
mabutu,3
macaco,
macaki,1
macaku,
macaqu,
macero,
maciva,
macufe,
macusi,
madade,
madoli,1
madoqe,2
mafabi,
mafacu,
mafawe,1
mafeyo,2
mafobi,
mafoca,
magave,1
mageba,
magoyu,
magura,
mahato,2
mahegi,2
mahehi,
mahetu,
mahige,1
mahiwi,
mahove,1
mahuho,
majetu,
majojo,
majopo,1
majuya,2
makupa,1
makuvi,2
makuwo,
malene,
malezi,
malofu,1
maluho,2
mamiru,
mamuse,
mamuvu,2
manice,
manidi,3
manizu,
manoci,
manoti,4
manuvi,2
mapake,1
mapaqi,
mapedu,4
mapiru,1
mapofo,1
mapuzu,
maqagu,1
maqapi,
maqawo,1
maqeci,
maqibi,1
maqoqu,1
maqoti,2
maqotu,
marabi,
marafu,3
mareba,1
mareqe,
marija,3
mariju,
maropa,1
marovu,1
maruhe,1
masaqo,
masata,
masehu,
maseta,
masete,
masoro,1
mataje,1
mataki,
matequ,
matilu,
matiwo,
matube,2
matuke,1
matuqi,
mavehu,
mavihi,
mavomo,2
mavuco,1
maweya,1
mawofe,1
mawudo,
mawudu,2
mawuge,1
mawuti,
mayigo,2
mazebo,
mazipe,
mazulu,
mazuva,
mebasa,
mebufi,
mebuje,
mebuni,
mecaji,
mecesa,
mecisu,
mecuqo,
medapa,1
medefa,1
medira,1
medofo,
medupe,3
mefaki,1
mefale,
mefamu,
mefebe,
mefepe,2
mefure,
megaja,
megaju,3
megazo,1
megewu,
megoji,1
megufa,
meheto,
mehisi,2
mehisu,1
mehube,
mejazo,4
mejoqu,1
mejuti,1
mekebe,
mekoda,1
mekuzo,
melane,
meliba,
melova,2
melulu,2
melupa,
melupu,
meluyo,1
memaku,1
memejo,
memeni,2
memoku,2
memoqe,
menage,
meniru,3
menoyo,
menuma,1
mepalu,
mepevi,2
mepoba,3
meposa,
mepusi,2
mepuzo,2
meqeha,2
meqiyi,2
meqoho,
meqoso,
mequcu,
mequza,2
mequzi,3
merava,3
mereba,
merewo,
meridu,1
meriki,
meriqo,2
meroca,3
merohi,1
meruku,2
mesaco,
mesoku,2
metacu,
metaja,1
metayi,3
metayu,2
metefi,
metomo,2
mevapa,2
mevipo,4
mevuzo,2
mewafe,2
mewayu,
mewode,
mewodi,
mewoyo,1
mewuli,
meyalo,
meyawu,1
meyuba,2
meyuma,
meyumu,2
meyuwu,2
mezaro,
mezewa,
mezila,
mezumo,
mezupo,
mibami,
mibaye,
mibibi,
miburu,
mibuyi,1
micaho,1
miciko,2
micufa,2
micuwu,1
midawi,
midopu,
midoti,
midoza,
mifici,
mifihe,1
migibe,2
migoqa,1
migubo,1
miguva,
mihaco,1
mihica,
mihimi,1
mihoci,1
mihome,
mijiga,
mijoqa,
mijuno,
mikafu,
mikagu,
miketo,
mikivu,
mikizu,
mikuvo,1
milana,1
milavo,
mileza,
milici,
milihi,
miliwo,1
mimalo,
mimebo,2
mimibo,1
mimito,
mimono,
mimowa,1
mimulo,
mimuna,
minequ,1
minewa,1
minora,2
minovu,1
minoyo,
mipaca,1
mipeku,
mipezo,2
mipihu,1
mipizi,
mipobi,3
mipobu,1
mipoci,
miqadu,1
miqawu,
miqaze,
miqedo,2
miqelu,1
miqeqa,2
miqequ,3
miqike,
miqimi,1
miqiqo,3
miqogo,
miramo,
miruwa,1
misavi,
miseni,
misibo,1
misiqa,1
misojo,
misuqi,1
mitofo,2
mitupa,1
mivahu,3
mivawi,1
miveda,1
mivini,2
mivole,1
miwaro,3
miwulu,
miyami,2
miyawa,1
miyizu,
miyoze,2
miyumi,2
mizaca,
mizapu,
mizega,2
mizine,
miziso,3
mizohu,1
mizoje,
mizura,
mobazo,2
mobece,
mobijo,2
mobobe,1
mobupa,1
mocapa,3
mocare,
mocave,
mocefu,
mocibi,
mocihu,
mociku,1
mocipa,
mocuyi,
modayi,1
modeho,
modiji,
modiva,1
modoza,1
modusu,
mofatu,1
mofeco,
mofefa,
mofevi,
mofiti,
mogame,
mogiqu,2
mogoju,2
moguga,
moguje,
mohibe,
mohitu,
mohoje,1
mohuca,1
mojavi,1
mojema,1
mojewe,
mojohi,3
mojoqa,2
mojuri,
mojute,1
mokahe,1
mokali,1
mokeni,1
mokewa,
mokipa,
mokola,1
mokuna,4
mokupo,4
mokuqa,2
molesa,2
molodi,2
molono,
momemi,1
momevu,
momofo,1
momube,2
momute,1
monabi,
monisu,
monoje,1
mopaqi,
mopedi,
mopewu,1
mopudi,2
moqolo,2
moqubi,2
moquhe,1
morawe,1
morehe,
morino,1
morocu,1
morudo,1
morura,2
mosegu,1
mosehu,
mosiku,
mosoyi,
motama,
motebo,
motuwa,2
movane,
movati,
moveje,
movetu,3
movewo,2
movilo,1
movinu,
movodi,
movohi,2
movove,
movuli,2
mowebu,
moweke,1
mowiwa,
mowuqi,
moyece,3
moyewe,1
moyeye,1
moyoka,1
mozako,2
moziho,
mozile,
moziqa,
mozizu,
mozuru,
mozuvo,
mubeha,1
mubese,1
mubuza,
muceci,
muceni,1
mucica,
mucoto,
mucume,1
mudara,
mudite,2
mududa,
mufiwo,1
mufole,
mufope,
mugize,1
mugoke,
mugone,2
muhigu,
muhiye,2
muhusi,
mujabu,1
mujasa,
mujaso,
mujedu,
mujeje,
mujipu,
mujowa,1
mukome,1
mukoqa,
mukuwo,
mulana,2
mulasu,
mulini,
mulopa,
muluji,
mumane,1
mumejo,
mumeka,
mumoqo,
mumote,1
munipe,
munoma,
munujo,1
munuke,
munuro,
munuso,1
mupihi,
mupilo,1
mupofu,
mupori,
mupuga,
muqeza,
muqiju,2
muqive,
muraso,2
muriso,1
muroje,
murolo,1
musada,
musati,
musogi,1
musone,
musote,
mutavi,
muteja,
muteve,3
mutize,1
mutufa,1
mutuwi,1
muvobe,2
muvono,
muvoyi,
muvumi,
muvupa,
muweju,
muwuge,2
muwuqu,
muyete,2
muyeto,2
muyeya,1
muyope,1
muyulo,1
muzafu,2
muziyo,
nabaca,2
nabaco,
nabava,
nabewi,
naboji,3
nabude,1
nabupa,1
nabuyu,1
nacifu,
nacocu,
nacona,2
nacuvo,2
nadelo,2
nadude,2
naduve,
nafaba,
nafajo,3
nafara,1
nafefi,
nafeje,
nafila,
nafoyo,1
nagecu,
nagune,
nahala,1
nahehe,2
nakeco,2
nakohe,1
nakova,1
nalagi,
naleki,2
nalesu,1
nalitu,3
nalugi,
naluri,1
naluza,2
namaqe,
namepa,
namoko,1
naneje,2
nanira,1
napafu,
napavo,1
napejo,1
napibi,
napilu,
napize,
napufe,1
napuna,1
naqoku,
naqoye,
naquwi,
narafe,1
narode,1
narofo,
nasaqu,1
naside,2
nasona,
nasoqi,1
nasozi,
natica,2
natifu,
natigo,1
natipu,
natowi,1
naveko,
navipo,
naviqu,
navizu,
navoyi,1
navufi,1
navuqe,2
nawico,3
nawika,
nawoqa,1
nawulu,3
nayafe,
nayino,3
nayodi,
nayofo,
nayuwo,
nazaqi,1
nazavi,2
nazawe,
nazebu,2
nazinu,
nazoce,1
nazuca,
nebaho,2
nebido,1
nebufu,
necafa,
necebo,
neceda,2
necewu,
necido,
necila,
necuho,
necuja,
nedamo,1
nedaza,
nedede,
nedego,
nedemo,
nedevo,
nediya,1
nedoha,
nedolu,2
nefako,1
nefebu,
nefeta,1
nefopo,1
nefuhe,
nefune,2
negetu,
negewo,2
negowi,
negumu,1
nehagu,2
nehebi,2
nehudi,2
nejafi,
nejeye,
nejifi,
nejiku,
nejobu,1
nekale,
nekero,
nekibu,1
nekoro,
nekusu,
nekuwe,
nelaqa,2
nelevi,1
nelisi,2
nelosu,
neluho,
nemade,
nemijo,
nemonu,
nenaho,1
nenoda,1
nenura,2
nenute,
nepaka,2
nepate,
nepehe,2
nepeso,3
nepina,
nepubi,
nepupa,
nepuqa,2
neqeja,
neqeti,
neqima,3
neqiqo,
neqite,2
neqowu,1
nerabi,
nerari,
nerawa,1
nereji,1
neruji,3
neruqo,
nesida,2
nesuco,
nesujo,2
nesuse,1
netoci,2
netohu,
netora,
netowa,1
nevezu,2
nevupo,2
newadu,
newala,1
newana,1
newaza,1
neweyo,
newiwe,
newojo,
newure,
neyiji,
neyivi,
neyiza,
neyoyo,
neyule,1
nezire,
neziyi,2
nezofo,
nezufi,2
nezunu,2
nibewu,
nibeyo,1
nibizo,
niboma,
nibovu,
nicaqa,
niceja,
nicicu,
nicihi,
niciwu,
nifeci,2
nifone,
nifuki,1
nigaco,
nigacu,3
nigeli,
nigeqa,
nigezu,1
nigivi,
nihavi,1
nihequ,
nihiva,1
nihiwu,
nihiya,1
nihoqe,
nihude,1
nihuge,1
nihuli,1
nihuwe,
nijeci,
nijede,1
nijuni,
nikada,
nikatu,3
nikegi,1
nikiqu,
nikune,2
nikuro,2
nikuvo,
nilale,
nilire,2
niliwa,
niloda,
nilovi,1
nilulu,
nilupe,3
nimazo,
nimeja,2
nimelo,
nimigo,
nimose,
nimuhu,1
nimuwa,
ninace,2
ninaze,
nineke,
ninibu,
nipimo,1
nipiwo,
nipoja,1
nipudo,
niqelo,
niqewo,
niqini,
niqoni,1
nirasi,
nirazu,
nireni,2
nirewo,
nirobi,
niroju,2
niroro,1
niroti,
nirumo,1
nirunu,1
niruva,1
niruya,
nisegi,
nisepi,
niseqi,1
nisiju,1
nisiki,
nisowu,
nisuji,
nisute,
nitape,1
niteti,
nitiyu,
nivade,4
nivape,
nivawa,1
nivelo,4
nivero,2
nivige,
niviva,2
nivose,
nivujo,
nivuro,2
niwafa,1
niwera,
niwiho,
niwiku,1
niwira,1
niwoha,1
niwonu,
niyepa,1
niyeso,2
niyipa,1
niyiri,1
niyowu,
niyugi,
niyuna,1
niyuze,
nizako,1
nizama,
nizepu,
nizezo,
nizida,
nizido,2
nizobi,1
nizume,
nobawe,1
nobeno,1
nobodi,
nobuqa,
nocake,3
nocawu,1
nodanu,2
nodiku,3
nodocu,
nodonu,
noduso,1
nofene,1
nofohe,
nofozu,1
nofume,
nogaro,
nogigi,
noguma,
nohomo,3
nohujo,1
nohuwa,1
nojoyo,3
nojufe,1
nojuku,1
nokabu,2
nokace,
nokage,1
nokecu,
nokiga,3
nokuhe,1
nolofu,1
noloja,2
nomaku,
nomeza,1
nomife,1
nomiwu,1
nonasa,1
nonesu,1
noneyi,1
nonigu,
nonili,1
nononu,3
nonufa,1
nonufu,1
nopajo,
nopifa,2
nopiqe,
nopome,2
noqasu,1
noqipe,
noqipi,1
noqiwa,
noqoba,
noquwo,
noraji,1
norese,
noriwi,1
nosero,
nosone,
nosuha,
nosune,1
notahu,
notasa,
notedo,
noteqa,
notewe,
notifo,
notiqa,2
notiva,2
notobe,
notuga,
notura,
novebi,
noveke,1
novizu,1
nowake,
nowepa,1
noyiyo,2
noyoba,1
nozaqi,
nozawi,2
nubibo,2
nubivo,1
nuburu,
nucizi,
nucoma,
nucove,3
nucovo,
nucule,1
nucuvu,1
nudeni,1
nudisu,
nuduya,3
nufawi,1
nufimi,
nufope,1
nufoze,
nugaja,
nugifu,2
nugopo,0
nuhogi,1
nuhuti,2
nuhuwi,
nujici,
nujova,
nukaju,1
nukawa,
nukaye,1
nukeyi,1
nukezo,1
nukiro,2
nukopa,
nulefe,
nulefi,
nulipu,
nuliru,2
nulofa,1
nuluho,
nuluvi,3
nuluya,2
numato,2
numiwa,1
numizo,
nunaga,
nunavu,
nunoka,
nupice,
nupihu,
nupuqu,2
nupusi,
nuqaci,2
nuqegu,
nuqofi,
nurari,2
nurasu,
nurezu,1
nurozu,1
nuruci,
nusahe,2
nusila,2
nusuge,1
nusuwi,2
nusuyu,
nutame,
nutesi,2
nutida,2
nutozi,1
nuvaja,1
nuvapa,1
nuviho,
nuviri,1
nuviyu,
nuvobu,
nuvofi,
nuvoti,
nuvoye,1
nuvubu,2
nuvuja,
nuvuti,
nuwase,
nuwihu,3
nuwube,2
nuwudi,
nuyafo,2
nuyawo,
nuyeka,
nuyini,1
nuzaca,
nuzafa,
nuzepa,
nuziji,2
nuziru,3
nuzoku,1
pabafi,1
pabali,1
pabida,
pabima,3
pabipe,
pabupe,
pacapi,
pacehe,3
paciqe,3
pacisu,1
paciwu,1
pacohu,
paconi,
padago,2
padese,
padita,3
padupi,1
pafime,1
pafuni,
pagamu,
pagaso,1
pagaya,
pagume,
pahemo,2
pahuga,1
pajane,3
pajaqu,
pajipa,2
pajita,1
pajofe,
pakucu,1
palako,3
palana,1
palaya,
palojo,
palume,
paluyo,3
pamaca,1
pamefo,
pamibe,1
pamiru,1
pamizi,1
panafu,
panibu,
panome,3
papaku,1
papipo,
papufo,
papuyo,2
paqoya,3
paqoyu,3
parizu,3
parode,
paruzu,
pasege,1
pasifu,1
pasoge,1
patafi,1
patage,
pateka,
patepu,
pateyo,
patohi,1
pavapi,
paveyu,
paviwe,
pawapa,
pawaye,
pawimo,2
pawiqu,1
pawiwu,
pawoki,
payicu,1
payito,2
payiye,
payope,1
payufi,
pazegu,
pazenu,2
pazomo,
pazuti,1
pebayi,
pebelu,
pebido,
pebino,1
pebuhe,
pecada,
pecezu,1
pecoce,2
pedafu,2
pediro,
pedobu,3
pedoqe,
pedupe,3
pefara,
pefoji,
pefoqe,
pefowo,3
pefugu,
pegefo,1
pegego,
pegeko,
pegiyi,1
pegize,
pegome,1
pegopu,2
peguci,1
peguvu,
pehipi,2
pehonu,1
pehovo,
pehute,1
pehuto,
pehuwi,2
pejeti,
pejina,
pejuha,1
pekego,
pekido,
pekuvi,
pelawe,2
peleho,3
pelete,2
peleya,
pelibe,
peliqe,0
peluqe,
peluru,
pemana,1
pemari,2
pemenu,
pemife,
pemojo,1
penaje,
penaqa,1
peneci,
penome,2
pepalo,
pepami,3
pepiyi,1
pepuca,
peqalu,
peqeli,
peqivo,1
pereco,3
perese,
perevi,
perine,
peroqa,
perufi,
pesage,2
pesave,1
peseri,
pesotu,
petete,
petewo,1
petide,
petiju,1
petiwi,2
petusu,
pevapu,
pevati,
pevayu,
pevobo,1
pewape,
pewova,
pewuce,2
pewuve,1
peyesi,1
peyiha,
peyoje,
peyuba,1
pezaci,2
pezihi,2
peziyi,
pibaze,
piberu,
pibide,
pibiya,
pibuci,
pibuho,
piceqo,2
piciwi,1
pidesa,2
pidesi,
pididi,2
piduta,1
piduye,
pifefa,
pifomu,1
pigaki,
pigasa,2
pigawi,2
pigetu,1
pigibe,
pigute,
pihaso,2
pihege,1
pihewo,
pihigi,
pihiru,3
pihuyi,
pijawu,3
pijesu,
pijeta,3
pijidi,1
pijilu,
pijizu,1
pikama,1
pikaru,
pikato,1
pikomo,
pikoqu,
pikose,1
pikuno,1
pilaja,
pilawe,2
pileqi,
pileva,
pilihu,
pimehe,1
pimelu,
pimiwu,1
pimoja,2
pimopo,
pinadi,
piname,1
pinefu,1
pinibi,2
pinida,1
piniwu,2
pinole,2
pinube,3
pipahe,
pipetu,
pipite,
pipuje,
piqago,1
piqana,
piqaqo,4
piqehe,
piqeme,
piqizo,
piqocu,2
piqome,1
pirala,
piralo,1
pirare,
pirece,
pirisa,
piriso,
piroko,
pirovi,
piseko,2
pisigu,
pisiwe,
pisodi,2
pisuvo,
pisuwi,
pitanu,1
pitefi,
pitihe,1
pitiku,2
pitogi,
pitopa,
pitulo,1
pivoho,2
pivoqi,
pivuno,
piwato,2
piwave,
piwaza,1
piwira,1
piwoda,1
piwuji,
piwunu,1
piwuyi,
piyapu,1
piyehu,
piyiwu,1
piyofi,2
piyuju,
piyute,3
pizada,2
pizafu,
pizata,
piziki,
pizovu,
pizufe,1
pobadi,1
pobaji,
pobecu,
pobeka,
pobeqi,1
pobovu,
pobufe,1
pobumu,2
pocifa,1
pocofe,2
pocosi,
pocota,3
pocufu,2
pocupo,
podadi,
podagi,
podaqa,1
podase,
podefe,
podoro,
podoze,
pofadi,
pofapo,3
pofari,3
pofehu,
pofihe,
pofiqu,1
pofiyu,
pofofo,
pofuka,1
pogabe,2
pogemu,1
pogeqo,
pogoso,
pogube,
pohego,2
pohiga,
pohuja,
pohusu,
pohuti,2
pojabi,
pojara,
pojuru,
pokahi,1
pokehi,
pokeli,
pokeso,
pokeya,2
pokofa,
pokosu,2
pokuso,
polape,1
poleku,2
pomaci,
pomahu,1
pomato,1
pomici,
pomiso,
pomowa,
ponege,1
ponole,2
pononu,
ponowa,2
ponubu,
popaci,
popego,
popivo,
popomi,
poqega,1
poqiri,
poraqe,
porazo,1
porebi,2
porenu,2
posaba,
posaci,
posaco,
posahe,1
posiga,
posoce,
posone,2
posubi,
posuta,
potagu,
potahu,
potela,
potewi,3
potubo,2
poveju,3
powaja,
powavu,
powoko,1
powune,2
poyemi,1
poyivu,
poyogo,1
poyoka,1
poyuci,
poyuka,1
pozino,
pozivu,
pozovu,
pozufi,
pozuha,1
pubazo,1
pubedi,
pubomo,
pubovo,
pubowa,1
pubucu,
pucedo,1
pucoyu,
pucuqi,2
pudayi,2
pudebu,
puderu,1
pudipe,
pudiza,1
pudupi,
pufaco,2
pufado,
pufatu,2
pufebe,2
pufiho,1
pufima,
pufiri,3
pufude,2
pufupa,
pugafe,3
pugamu,
pugato,
pugovu,2
puguda,1
puguku,
puguso,1
puhadu,
puhedi,3
puhidu,1
puhihu,
puhosa,
pujama,1
pujamu,1
pujepa,
pujifu,
pujoho,
pujono,
pujucu,2
pujuho,1
pukaha,
pukimu,
pukiri,
pulaho,1
pulaji,2
pulaju,
pulara,1
pulime,
pulogi,1
puluho,2
pulusi,1
pulute,
puluve,
pumema,2
pumeyo,
pumune,
punari,1
punedi,1
puniju,
punora,1
punoya,
punoye,1
punuki,2
pununo,
punupi,
punuza,1
pupapa,1
pupepe,2
pupica,
pupima,1
pupomo,
puqoqo,1
puqoto,
puquto,
puravi,
purawo,
purequ,1
puriko,
pusamo,2
puside,
pusodo,
pusote,2
pusubi,3
putagu,
putewo,
putifa,1
putive,2
putoko,2
putovo,1
putupu,
putuso,
puvaba,2
puvaqe,1
puvaza,2
puviru,1
puvopu,1
puvuma,1
puwafo,
puwage,
puwala,
puwani,2
puweni,1
puwodu,
puwomi,2
puwota,
puyaju,
puyefu,1
puyiyu,
puyuya,
puzela,2
puzija,1
puzubo,2
puzuce,1
qabicu,
qabipa,1
qabivi,1
qabivo,1
qabuge,
qaceho,2
qadaza,
qadeya,
qadiki,
qaduri,
qafaho,1
qafece,1
qafevu,1
qafeyo,2
qafiho,
qafoga,3
qafotu,
qafowe,
qagafa,1
qagaqo,1
qaguga,
qahama,2
qahayu,
qaheyu,
qahibe,1
qahiqi,
qahovu,
qahule,1
qahuya,
qajica,
qajiho,2
qakema,1
qakiro,2
qakocu,
qakucu,1
qalase,
qalequ,
qaleze,
qaliza,
qalota,
qanake,3
qanume,2
qapafo,3
qapila,
qapiwe,1
qaqiru,1
qaqiye,
qaqiyi,
qaqofa,
qaqoki,2
qaqowe,
qaqubi,2
qarabo,1
qarahu,
qarapa,2
qaripi,
qaroci,
qarowe,2
qarudo,1
qarune,
qasawe,
qasebu,
qaseve,2
qasica,
qasivi,
qasufu,
qasumu,
qatazo,1
qateji,1
qatesi,
qatilu,
qatipo,
qatoko,
qatono,
qavobu,1
qavove,1
qavuro,
qawazu,
qawogu,2
qaworo,
qayeda,
qayeri,3
qayiho,2
qayowu,3
qayuzo,
qazeya,1
qebifu,2
qebije,3
qebufu,
qebumo,1
qebure,
qebuzo,
qecuna,
qedego,1
qedeti,1
qedila,
qedipu,1
qedoge,2
qefopu,
qegawo,
qegice,2
qegitu,
qegulu,
qehafe,
qehehe,
qehico,1
qehiru,
qehuyi,1
qejate,1
qejefe,2
qejesu,2
qejijo,
qejitu,
qejoru,3
qejuju,1
qejulu,1
qekama,4
qekawu,1
qekete,2
qekiji,
qekisa,1
qekoba,
qekoto,1
qelaqa,
qelasi,
qelayo,
qeleho,2
qeleti,2
qelifo,
qeloji,
qeluki,1
qemaki,
qememe,
qemese,2
qemeso,3
qemubi,
qepase,1
qepela,2
qeqahe,
qeqako,
qeqape,
qeqoba,1
qeqoqu,2
qeqoye,2
qerazi,
qereki,1
qeriki,
qeruyo,
qesayu,
qesohi,
qesotu,1
qetawi,
qetepu,2
qeteto,
qetufo,1
qetufu,2
qetusi,1
qeveva,1
qeviho,
qevuyo,
qewapi,1
qewasu,
qewenu,2
qewewa,2
qewiga,2
qewijo,
qeyafu,1
qeyagu,
qeyawe,1
qeyego,1
qeyuba,1
qeyupu,
qeyuwi,1
qezahi,
qezalu,
qeziki,
qibawe,1
qibewa,1
qibilo,
qibiwu,1
qibole,
qiceva,1
qicewu,
qicibo,
qicuda,
qicuko,
qidame,
qidaqa,
qidefo,3
qidiqa,2
qidosu,1
qiface,
qifawi,1
qifeno,
qifesi,2
qifulu,
qigami,
qigefa,
qigiki,
qigiwu,1
qigofu,1
qigoqi,
qihesa,1
qihiza,
qihugu,1
qijezi,
qijofa,
qijuke,1
qijuki,2
qikala,1
qikase,1
qikecu,1
qikeni,
qikogi,
qikola,
qikuge,1
qiladu,
qilago,
qilewo,1
qilole,
qimamu,1
qimenu,
qimeri,1
qimodo,
qineju,
qineru,1
qinevo,1
qinido,
qinife,
qiniyo,1
qinohe,
qinosi,
qinovo,
qinuqi,
qipifi,2
qipige,
qipona,2
qipowa,
qipuza,
qiqabo,2
qiqafi,
qiqifu,2
qiqowo,1
qiqowu,
qiraqo,
qirere,
qirobu,
qirova,
qiruqa,
qisehu,2
qisepu,
qisesi,3
qiseya,4
qisumi,
qitaza,1
qivajo,
qivesi,
qivivo,1
qivuge,1
qivuna,
qiweni,1
qiyaca,3
qiyedi,1
qiyimu,1
qiyiwa,1
qiyodi,
qiyula,1
qizaga,
qizawe,2
qizega,
qizole,
qobaqo,2
qobibo,
qobima,1
qobuge,1
qobumu,2
qobuni,1
qocasu,1
qocefe,
qocewe,1
qocowu,
qocuja,1
qodebe,1
qofehi,1
qofido,2
qofije,
qofivu,
qofoju,1
qoforu,1
qofoso,
qofuwu,2
qogahe,
qogasa,
qogibe,1
qogida,2
qogoma,1
qogopu,2
qoguco,
qoheja,
qojare,
qojawe,0
qojidi,1
qojube,
qojudi,2
qokaza,1
qokequ,1
qokidi,3
qokojo,1
qolace,1
qolasa,
qolevo,2
qolole,
qoluzo,3
qomisa,2
qomuqu,
qomuzo,2
qonefi,1
qonevo,
qonoga,
qonopu,1
qopeki,
qopoqe,
qopuqo,1
qopuro,
qopusa,
qopusi,1
qoqako,
qoqazi,
qoqole,
qoqoza,2
qoquqo,2
qoqutu,3
qorece,
qoroha,1
qorolu,
qorucu,
qoruju,
qoruqa,2
qosaqe,1
qosucu,1
qotamo,3
qoteco,2
qotice,
qotizi,1
qotomi,1
qotosa,
qotuki,
qotuvo,
qovagu,
qovipi,2
qovutu,
qowahi,2
qowati,2
qoweko,1
qowibi,1
qowiru,
qoyawe,3
qoyise,
qoyono,2
qoyosa,
qoyoyi,2
qoyucu,
qoyuga,1
qozina,1
qozula,
qubatu,
qubazi,
qubeya,
qubiho,
qubudu,2
qucedu,
qucefu,
qucihe,
qucili,
qucusa,
qudago,2
qudaho,
qudase,1
qudeyi,
qudobo,
qudoje,1
qudoni,
qudopi,2
quduyo,
qufamu,2
qufawa,
qufeku,
qufide,3
qufiku,
qufuca,2
qugazi,
qugemo,2
qugini,2
quhebi,2
quhena,
qujice,1
qujono,1
qujosa,
qukeha,
qukove,
qukuje,
qulaqo,
qumaku,
qumudu,1
qumufi,
qumuse,1
qunaju,1
quneho,
quneli,2
quniku,3
qunime,
qunonu,
qunubu,1
qunuti,
quparo,
qupasu,
qupeqi,
qupupu,
quqedi,
quqiwi,1
quqoto,0
qurafo,
qurahi,
qurize,1
qusaca,
quseho,
qusice,
qusigo,
qusiqo,
qusiso,2
qusowi,
qusuza,
qutaji,1
qutalu,
qutaro,
qutejo,2
quteta,
qutiki,
qutiyu,3
qutudo,
quvehi,1
quvibu,1
quvoke,
quvoye,1
quvume,1
quvumu,
quvuvu,
quwagi,2
quwapo,
quweti,3
quwomu,1
quyabo,2
quyalu,2
quyaqa,
quyawo,
quyuta,
quzapa,2
quzoqe,
quzuhu,
quzuko,
rabage,2
raboma,
rabure,2
racago,1
racebi,
racelo,
racize,2
racuha,2
radafo,1
radezi,
radiqi,
radoji,2
radudi,
rafaqo,
rafeju,
raferu,
rafika,4
rafopa,2
ragaca,2
ragajo,
rageba,
ragelu,
ragoho,3
raheda,
rahifa,1
rahitu,
rahozo,2
rahubi,1
rajega,2
rajenu,
rajola,1
rajuya,
rakabi,2
rakapi,
rakinu,
rakiqo,1
rakise,
rakoge,
rakunu,1
rakupi,2
rakupo,1
rakuwa,1
ralaha,
ralaku,2
ralama,2
ralija,1
ralono,1
ralufo,2
ralupo,
ramemi,
rameni,
rameva,2
ranada,
ranahu,
ranaqi,1
ranaso,
ranero,
ranimo,1
ranini,1
rapale,
rapalu,1
rapeti,
rapika,1
rapiku,
rapoci,2
rapome,
rapulu,1
rapuwo,
raqanu,
raqeci,
raquju,
raquku,4
rarali,
raregi,
raruza,1
rasaca,2
raseyu,
rasezu,
rasule,1
rasuyi,
ratoce,2
ratoqa,
ratoti,
ravade,
ravawi,
ravejo,
raviqi,
ravoda,
rawaga,
rawaje,
raweje,1
rawevu,
rawipi,3
rawowu,
rawoze,1
rawudi,
rawuyu,
rayema,1
rayepo,1
rayigi,
rayode,
rayomi,2
rayuse,
razefa,2
razele,
razemu,
razepi,
razoyu,2
razumu,3
rebaqa,
rebati,1
rebece,
rebofi,
reboku,
recisa,
recoqi,
recoya,
redeke,1
redelo,2
redequ,
rediwi,1
redizo,
refaha,
refahi,
refaqe,
refejo,
refeva,1
refevi,1
refigi,1
refime,3
regara,1
regati,
regiga,
regiya,1
regodu,1
rehozo,
rehuje,2
rehupa,
rejeci,
rejewe,1
rejoli,
rejuta,1
rekene,
rekewa,2
rekica,1
rekipe,2
rekive,1
rekomo,1
rekova,
rekuhe,
relile,1
relose,1
reluge,
remani,
rematu,
remelo,1
remoja,2
remopi,
remowa,1
remure,2
renido,
reniyu,1
renodo,
renonu,
renoze,
renuqi,
repesa,
repibu,
repija,
repoga,2
repoze,1
repozo,
repuji,3
reqane,
reqazi,1
requdi,2
requgu,1
reromi,
resaye,2
resere,1
resiri,1
resiti,1
resoje,
resoki,1
resoli,
resori,0
resozo,
resuri,2
retapa,
retele,2
retuna,
revalu,
revayo,
revenu,2
revile,
revoci,1
revuki,
rewemo,
rewene,2
rewero,
rewiwu,
rewocu,1
rewoma,1
rewuni,
rewuqi,
reyaru,2
reyaza,
reyeye,
reyita,
rezeci,
rezetu,
rezica,1
rezodo,1
ribajo,1
ribeta,2
ribizi,2
ribuda,1
ribuku,1
ribuno,1
ricado,2
riciko,2
ricuwo,1
ridabi,
rideze,1
ridobu,
ridowe,2
ridufi,1
riduvi,
rifadi,
rifanu,2
rifata,
rifato,1
rifawo,
rifeha,1
rifilo,
rifimi,
rifipi,
rigivo,
rigoge,
rigore,1
riguje,4
rihaca,
rihahi,1
rihofa,1
rijafi,
rijapa,1
rijoji,1
rijola,
rikawu,1
rikihe,2
rikiji,
rikiki,
rikopi,1
rikoto,1
rikuhi,1
rilagu,
rilatu,1
rilegu,
rilezo,
rilizi,
riloca,
riloje,
rilole,
riluno,
rimani,
rimaqe,1
rimike,
rimuko,
rinapu,
rineha,3
riniqo,
rinola,2
rinoyu,2
rinugo,
rinumo,
rinuve,
ripeqi,3
ripuke,
ripusi,4
riqape,
riqawe,1
riqevi,2
riqiju,2
riqisa,
riqizo,
rireho,
ririsu,2
rirugi,
risaho,
risako,
risala,
risapi,
risayu,
riseqe,
riseti,1
risice,1
risowa,1
ritage,
ritasu,2
ritebi,2
ritotu,1
rivaqo,2
rivasu,1
rivopi,
riwaca,
riwafa,2
riwiza,
riwute,
riyaba,
riyizi,1
riyono,
rizagu,3
rizige,
rizube,2
robiso,
roboca,
robodo,1
rocasu,1
rocegu,
rocupo,
roducu,3
rofibu,
rofita,1
rofoga,1
rofohu,
rofosi,
rofovu,
rogefu,
rogeja,1
rogube,
rogudi,1
rohayi,
roheji,2
rohori,
rojali,
rojato,2
rojayi,
rojevi,
rojiqe,1
rojisu,1
rokeke,
rokisa,
rokovi,
rolani,1
roleca,1
rolubu,
romado,2
romate,1
romipa,1
ronaqu,
roneda,1
ronejo,1
roneli,1
ronito,1
ronoke,
ronula,
ronuzo,3
ropazu,
roperi,
ropomi,
ropozo,
ropuve,
roqabu,2
roqana,1
roqayo,
roqizi,
roqoco,
roquzo,1
rorema,
rorona,
rorowi,
rorowu,
rorutu,
rosaro,1
rosovi,3
rosufo,
rosuze,
rotanu,1
rotefu,
roteru,1
rotogo,1
rovabo,
rowafi,1
rowopo,2
rowudu,
rowutu,
royesi,1
royewa,2
royeyi,
royoco,
royomi,1
royulo,
royuvi,2
royuyi,
rozase,1
rozema,
rozeqa,1
roziga,2
rozilu,
rozodu,1
rozute,
rubiku,1
rubuho,1
rubuni,
ruciqi,
rucoya,
rudafo,1
rudeku,
rudisi,2
rudodu,
rudowa,3
rufahi,1
rufani,
rufoge,2
rufufa,1
rufuno,
rufuwu,
rugiwi,2
ruguhu,2
ruhaco,
ruhaqa,
ruhepi,2
ruhiga,
ruhosu,
ruhuje,1
ruhuko,
rujamu,
rujeji,
rujina,
rujoco,
rujoqe,
rujuji,1
rukawe,1
rukefa,
rukiqe,1
rukutu,
rulaju,
rulawi,
ruledo,1
rulozo,
rulusa,
rumefo,
rumego,
rumequ,2
rumeyi,5
rumoja,
runaru,
runena,
runiko,
rupiwa,1
rupiya,
rupuqa,2
ruqewe,1
ruqewi,1
ruqoso,3
ruqume,1
ruquru,
rurawa,1
rurehu,
ruresi,
ruriba,
ruribu,
rurima,2
rurofa,1
ruruni,3
rusaju,
rusese,2
rusiwo,
rusodo,1
rutapi,1
rutegi,2
ruteka,2
rutewu,1
rutifo,1
rutivi,
rutoyu,
rutuhu,1
ruvave,
ruvufu,2
ruvuwe,
ruwaji,
ruwetu,
ruwewu,
ruwidi,1
ruwoce,3
ruwuma,1
ruyafa,
ruyeba,2
ruyoya,
ruyuti,1
ruyuzi,1
ruziqo,1
ruzopu,1
ruzori,2
sababo,
sabaco,
sabefo,
sabufu,2
sabuso,
sacagu,
sacaka,2
sacayi,
saciro,1
sacuro,
sadumo,
safiqa,
safize,2
sagike,
sagoli,
sagufu,1
sagumi,2
saguye,
sahawu,
saheto,
sahiga,
sahuqo,1
sahuva,3
sajeho,
sajoyo,1
sajuhu,
sajuva,2
sakene,
sakigo,
sakipe,1
sakubi,2
sakuma,
sakumi,1
salapo,
salefe,
saleho,
saloki,2
saloti,2
salutu,1
sameyu,
samovo,
samoza,1
samozi,
samuba,1
samuqu,
sanahi,
sanawa,1
saneka,1
sanoti,2
sapaha,1
sapamu,
sapobi,1
sapohu,
sapuye,
saqajo,
saqeto,
saqitu,
saqoqa,
saquze,1
saresa,
sarica,
sarufe,
saruwi,2
saruyo,2
sasega,
sasija,
sasusi,1
satisu,
satoma,3
satuwu,1
savaye,2
sawahe,1
sawaji,1
saweta,1
sawibu,1
sawofo,1
sawoke,
sawoqa,
sayeyu,
sazahu,1
sazefo,1
sazoqu,2
sazosu,
sazoyu,1
sazuzi,1
sebaju,1
sebera,
sebifa,2
sebigo,1
sebowi,1
secazi,
secola,1
sedadi,2
sedapi,
sedona,2
sedunu,2
seduyu,2
sefeji,1
sefodo,
sefose,
sefuru,3
segapa,1
segeco,1
segoce,
segopu,1
seguni,
seguqe,
sehiba,
sehite,1
sehiva,2
sehive,1
sehuju,
sehuki,1
sejija,
sejijo,
sejobe,1
sejuso,2
sekava,1
sekavu,
sekidu,
selaci,2
selala,1
selibi,
selilu,1
seline,
seliwa,1
selobi,
selona,1
seluzu,
semefa,
semuba,2
semuza,
senaze,1
senijo,
senona,2
senule,
sepaha,1
sepaze,
sepulo,
seqabe,3
seqaca,
seqagi,2
seqaya,1
seqeqi,
seqero,1
seqiqu,1
seqoyo,
sequba,
sequde,
sequhu,
serabu,
sereki,1
serese,2
serito,2
serosu,
serura,1
seruwi,1
sesafo,1
sesina,1
sesiye,1
sesomu,
sesoqu,2
sesuzi,
seteca,
setomu,
setopa,2
setowi,
sevesi,1
sevihe,
sevomo,1
sevudo,1
sevuzi,1
sewata,
sewaza,1
sewema,1
sewizo,2
sewobo,1
sewufu,2
sewuve,
seyago,1
seyahu,
seyedi,
sezaju,2
sezasa,
sezequ,2
sezinu,2
sezome,
sibapu,
sibawu,2
sibeda,2
sibeye,1
sibiti,
sibocu,
sibowo,
sibuce,
sibula,
sibupe,
sicige,
sicoqo,3
sicupe,1
sicuse,
sicuva,
sidave,
sidike,
sidiyi,
sidoqu,
sifana,1
sifila,
sifimo,
sigivi,1
sigobe,
sigode,
sigoqo,
sigoso,1
sigufi,3
sihata,
sihesi,
sihize,
sihohe,
sihufe,
sijaho,
sijola,1
sijuji,
sijuyo,0
sikabu,1
sikapu,1
sikaqa,3
sikato,
sikiha,
sikoci,
sikoda,
sikosu,
sikuco,
silawo,1
silive,
siluhu,3
siluje,
simawa,
simaye,
simebi,
simeli,2
simiru,1
simive,1
simoca,1
simoqo,
simube,
simuhu,1
sinasa,
sinata,3
sinebe,
siniwa,
sinudo,1
sipate,3
sipeho,
sipera,
sipofa,2
sipoyi,1
sipuru,2
siqeni,
siqini,1
siqobu,2
siqoha,
siqojo,1
siquwe,2
sirafe,2
sirezi,
sirico,1
sirile,1
siriqi,
sirofi,
siruye,
siruze,2
sisafi,2
sisepo,
sisihu,1
sisoho,
sisuci,1
sisuri,
sitawe,1
sitewo,
sitobi,1
sitofa,2
situlu,1
sivega,
sivemi,
siviwo,1
sivugu,
sivujo,
siwaqe,
siweva,
siwogi,
siyece,1
siyeto,1
siyiyu,2
siyuzo,2
sizaba,1
sizado,
sizahi,
sizeqe,1
sizice,1
sizolo,
sizuli,
sobaca,
sobado,2
sobepe,1
sobici,
socaqo,1
socebu,
socepo,2
socibi,
socofo,1
socoqu,2
socuqi,1
socuso,
sodabu,1
sodese,1
sofero,
sofire,1
sofuvo,
sogesu,
sogivo,1
sogofa,1
sogono,
soguki,2
sohepo,2
sohequ,
sohewe,1
sohiqa,
sohiqe,
sohode,
sohuko,
sohumo,1
sojalo,2
sojati,
sojibo,
sojibu,2
sojiji,1
sojupi,
sokalo,
sokema,1
sokibu,2
sokima,
sokira,2
sokucu,
soligu,
soliyi,
soluco,
solusi,
somavu,1
somire,1
somude,
somudo,
somula,
sonata,
sonati,
sonejo,
sonibe,2
sonijo,
sopaba,
sopage,
sopale,
sopaqo,
sopaza,3
sopezo,
sopico,2
sopika,
soputo,2
soqatu,
soqawa,
soqayu,
soqazi,
soqeqa,1
soqice,
soqolu,
soraqi,
soridi,
sorigo,
sorole,1
soruvi,2
sosaqe,2
sosibu,
sosinu,2
sosivu,2
sosode,2
sosonu,
sosudi,1
sosuku,
sosune,
sotali,1
sotezi,
sotici,1
sotoyo,
sotoyu,
sotude,
sotujo,
soturu,3
sovaru,2
sovodu,
sovoga,2
sowaku,
sowiji,
sowoma,1
sowome,1
sowote,1
sowuca,1
sowuwa,2
soyaba,
soyafo,3
soyenu,2
soyewe,2
soyima,2
soyipa,
soyisu,3
soyize,
soyuga,
sozebe,
sozeja,1
sozemu,
sozica,
sozuju,1
subaca,
subape,
subike,2
subiko,
subuga,
subuwe,
sucaku,
suceka,
sucobo,
sucuju,
suculu,1
sucuyi,2
sudace,1
sudajo,
sudaqi,4
sudiwa,
sudiwe,
sudoyu,1
sudupo,
sufawa,
sufeyu,
sufipu,
sufobe,1
sufomo,1
sugebu,
suguzi,2
suhahe,
suhapu,
suhate,
suhifu,1
suhiwe,1
sujaja,
sujana,1
sujito,1
sukegu,1
sukewa,
sukewe,
sulahu,
sulefe,
sulifu,
sulopu,
sulosi,
suluhu,2
suluwa,1
sumera,1
sumesi,1
sumezi,
sumowu,
sumuda,2
sumuju,1
sunajo,
sunave,
sunemi,1
sunoqi,2
sunufo,3
sunupu,
supeza,1
supice,2
supinu,
supiti,1
supuya,2
suqadi,1
suqedi,1
suqiga,1
surigi,
surofe,
suruti,1
susaju,
susanu,
susawi,
suseru,
susige,1
susiku,2
susowu,2
susufu,
sutaba,
sutodi,1
suvafi,2
suvihe,
suvima,1
suvitu,1
suvocu,
suvoge,
suvuqi,
suwenu,1
suwiku,2
suworo,
suwuno,3
suyapu,1
suyelu,2
suyepu,3
suyofu,1
suyute,
suzake,2
suzebo,1
suzenu,
suzezo,1
suzora,
suzote,
suzudo,2
suzulo,
tabimu,
tabive,
tabuce,
tabupo,2
tabuze,1
tacate,2
tacono,2
taconu,1
tacosi,
tacupe,
tacuva,
tadado,
tadoga,
tadoqu,
taduna,1
tafaca,2
tafaco,2
tafepu,
tafere,2
taforo,1
tafoye,
tagaze,1
tagazo,
tageha,1
tagena,
tagequ,
tagiko,
tagiqa,1
tagocu,1
tagowu,1
tagujo,
tahejo,
tahira,
tahove,1
tahuci,
tahupa,2
tajaju,
tajiqi,
tajohi,3
tajufo,1
tajujo,2
tajuma,
tajuqa,2
takape,1
takava,
takica,
takizu,
takolo,1
takowa,2
takupa,1
takupe,1
takuqu,3
talage,2
talawu,2
talipe,2
tamavi,
tamoya,1
tanahe,2
tanefa,
tanihu,
taniti,1
tanoha,
tanoma,
tapibu,
tapizi,1
tapose,
tapuki,2
tapuyi,1
taqajo,
taqelo,
taqepo,
taqihe,1
taqoge,
taqoko,1
taqole,
taqoni,1
taqubu,
taquza,
tarera,
tarevo,1
tarike,1
tariyu,
tarolo,
tasela,
tasiqa,1
tatacu,
tataka,
tatazu,1
tatele,2
tateqe,
tatico,1
tatifa,
tatilo,
tatoyu,
tatura,2
tavava,1
tavela,
tavelu,
tawale,2
tawamo,3
taweda,
taweru,2
tawoqu,2
tawuho,2
tayeku,
tayita,2
tayuqi,2
tazedi,2
tazoba,1
tazowo,
tazoze,
tazuna,
tazusu,
tebaci,1
tebadi,1
tebawe,
tebiju,2
tebika,1
tebivi,1
tebofu,2
tecaja,
tecalo,1
tedaki,1
tedanu,1
tedawu,
tedoyu,
teduti,1
tefehu,2
teforo,
tefuhu,3
tefuke,2
tefuqu,4
tefuwu,
tegaro,
tegoko,2
tegufe,3
tehefe,
tehihi,1
tehije,
tehinu,1
tehire,1
tehiyo,3
tehori,
tehuwe,1
tehuwi,3
tejaho,
tejaju,1
tejeja,1
tejetu,
tejeyi,1
tejohu,2
tejomi,
tejuvu,2
tekibo,2
tekoji,1
teleyo,1
telico,1
telipi,1
teloho,
telovo,
telucu,
temado,
temaho,1
temaja,
temaro,2
temequ,1
temeva,
temifu,
temuje,
tenaho,2
tenedu,
tenifo,1
tenoce,1
tenohi,3
tenopu,
tenoyu,
tepaca,1
tepepi,1
tepida,2
tepoha,1
tepulo,
teqahe,
teqito,
teqobi,2
teqoye,3
teraba,
terepu,
teroni,3
terudi,1
teruki,1
terupo,3
teruyi,
tesade,1
tesano,3
tesato,
tesoja,
tesovu,
tetaka,1
tetate,
tetiva,1
tetofa,1
tetomo,
tetopo,
tetujo,1
teveha,∞
teveku,1
tevemu,
tevizi,
tewaba,3
tewafe,1
tewale,
tewesa,1
tewetu,
tewihe,
tewobo,
tewuhi,2
teyati,1
teyeda,
teyeka,
teyipu,
teyobu,
teyola,2
teyomi,1
teyucu,
teyuga,1
teyuso,1
tezoju,
tezoze,1
tezuvi,
tibage,1
tibaqe,1
tibeha,1
tibeze,
tibiwu,1
tiboqi,
tibuno,
tibuta,2
ticaca,
ticefi,
ticevi,2
ticihi,
ticoke,1
ticufo,1
ticugo,1
ticula,1
ticuvi,
tidane,2
tideke,
tideru,
tidezu,2
tidito,
tidoka,
tiduwu,1
tifefo,
tigaja,2
tigate,1
tigile,1
tigocu,
tigodi,1
tigoki,2
tigoya,
tiguge,
tiheri,1
tiheya,2
tihise,
tihofi,2
tihoqe,1
tijawi,
tijibi,2
tijola,
tijona,2
tikaji,1
tikamu,1
tikiqi,1
tileju,2
tiliva,1
tilora,3
tilulo,1
timaki,
timeqe,2
timesu,3
timisi,1
timofo,
timogu,
timufi,
tinegu,
tineve,1
tinoqe,1
tinufa,
tinuso,
tipeza,3
tipime,
tiqoku,
tirade,
tiragu,1
tirapo,
tirihu,
tirime,3
tiseqa,
tiseve,
tisoke,1
tisope,1
titaco,2
titase,
titawo,
titema,
titira,2
titotu,
tivaca,
tivayo,1
tivepi,1
tiwuvo,
tiyihu,
tizehu,
tizome,
tizute,
tobapa,
tobuta,
tocatu,
tocawe,
tocawu,1
tocaza,
tocehi,2
tocepo,1
tocici,
tofaji,
tofeba,2
tofeve,1
tofilu,
tofipo,
tofiwu,
tofubo,3
tofufo,1
tofuko,
tofuye,
togafa,1
togane,
togase,
togeza,2
togilu,2
togozu,
tohabi,
tohugi,
tohuwu,
tojege,
tojelu,
tojiha,1
tojiwo,
tokace,
tokada,3
tokive,1
tokoso,
tokura,
tolamu,
tolaye,
toluko,1
tomano,1
tomola,1
tomusu,1
toneba,3
tonehi,1
tonelu,
topilo,1
topola,3
toqico,1
toqomu,2
toqore,2
toqozo,3
toracu,
toreki,
toruba,
toseka,1
tosofa,
tosoka,1
tosoyi,1
totovu,1
tovipu,
tovita,
tovoce,1
tovuso,
towili,1
towimo,1
towoci,1
towoha,
towozi,1
towulo,1
toyaqo,1
toyiso,
toyovi,
toyovu,
toyune,
tozana,
tozila,1
tozovu,
tozuho,
tozuve,
tubano,
tuberu,
tubiga,
tubiki,
tubiza,2
tuceni,1
tuciyo,3
tucodi,1
tucope,1
tucuzu,2
tudiro,2
tufaho,
tufamu,2
tufona,1
tufozo,
tufuju,
tugabo,
tugaqo,2
tugavu,2
tugeco,
tugeno,3
tugeru,
tugivo,2
tugolo,
tugugo,1
tuguza,1
tuhapi,
tuhewa,1
tuhoji,1
tuhoyo,1
tujama,1
tujaro,1
tujawi,2
tujepa,1
tujeqe,
tujezi,1
tujija,
tujoco,2
tujoro,2
tujujo,1
tujuke,
tukaro,1
tukomo,
tukono,
tukoza,1
tukuku,
tukuye,2
tulavi,
tulaya,1
tulefo,
tulemu,2
tulozi,
tuluva,
tumeci,2
tumegu,
tumiqa,1
tunabe,1
tunazi,
tunije,4
tunomo,2
tunowa,
tunupo,1
tupecu,
tupeti,1
tupewu,
tupoho,
tupule,2
tuqegi,1
tuqeyi,
tuqeyo,1
tuqezo,2
tuqiso,1
tuqucu,
tuquko,
turapa,3
turave,
turoju,
tusedu,
tuteno,
tutila,
tutiwu,1
tutumo,1
tutuwo,3
tuvadi,
tuvazo,1
tuvuha,1
tuwaro,1
tuweno,2
tuwiba,1
tuwove,1
tuwubu,
tuwuzi,
tuyafu,2
tuyara,
tuyevu,1
tuyiha,
tuyunu,
tuzalu,1
tuzelo,2
tuzibu,
tuzico,1
tuzowe,2
tuzudi,1
vabehu,1
vabice,
vabufi,1
vaceqa,1
vacoju,3
vacove,2
vacuhu,2
vadate,3
vadavo,
vadayo,1
vadita,
vadoro,
vadoyi,2
vafaga,
vafajo,
vafeko,
vafewi,1
vafeye,
vafita,
vafoma,4
vafusu,1
vagahi,
vagoku,1
vaguso,
vahati,2
vaheju,
vahevi,1
vahifo,
vahive,
vahofe,
vahuyo,
vajafo,1
vajaza,
vajelo,
vajica,
vajili,
vajimu,
vajobo,
vajohe,2
vakaye,4
vakevu,2
valida,
valoda,2
valufu,
vamede,3
vamipo,4
vamoko,
vamope,1
vamuhi,
vamuwa,
vanace,1
vanehe,1
vanila,
vaniqe,
vaniyi,
vanofi,
vanota,
vanoyi,2
vanume,2
vapafa,2
vapana,
vapebu,2
vaperu,
vapewe,1
vapipe,
vapiqe,
vapiya,2
vapume,
vaputa,
vaqacu,1
vaqofu,
vaqolu,1
vaqoto,2
vaquni,1
varigu,1
varojo,
vaseho,
vasobe,2
vasohe,
vasoho,
vasosi,
vatavi,
vatevu,
vatuli,3
vatuno,1
vatupu,1
vavibi,1
vavila,2
vawagu,1
vawede,1
vawihu,1
vawuka,1
vayihu,
vayipa,
vayopi,1
vazela,2
vazico,1
vazivu,
vazoco,2
vazucu,
vazuji,1
vebata,1
vebate,
vebiba,
vebolu,
vecewo,
vecigi,
veculi,4
vecune,1
vedazu,3
veduku,
vedumi,
vefeda,3
vefelo,1
vefono,1
vefuke,2
vegane,
vegara,
vegepu,
vegira,
vehare,2
vehayu,
vehena,2
vejawo,1
vejeru,
vejija,
vejonu,1
vejuzi,
vekavo,
vekawi,1
vekiza,
vekizi,
vekono,
vekowa,
vekufa,
vekulo,
velako,
veleca,
veleju,
veleva,
veliha,2
velihu,1
veliji,1
veloku,
vemahu,
vemebi,
vemidi,2
vemima,
vemozi,1
vemuzo,1
venahi,1
venego,1
veneqi,
venohu,
venoju,
venoze,
venozu,
vepali,1
vepeda,2
vepove,1
veqefi,2
veqejo,
veqile,1
veqogi,2
veqoyi,
vequgu,
vereco,
verifi,1
veropa,
verora,1
veruco,
vesaci,1
vesane,2
vesehe,1
vesose,3
vetejo,1
veteju,1
vetepu,1
vetesi,
vetibo,1
vetiki,3
vetini,
vetobi,
vetogu,2
vetohi,2
vetono,2
vevefe,
vevewu,1
veviji,
vevimi,1
veviqu,
vevitu,1
vevufi,1
vewaco,1
vewaku,
vewase,
vewela,
vewobu,
vewofu,1
veyace,
veyeka,
veyewo,
veyidu,
veyufo,2
vezaqu,
vezaro,2
veziti,
vezoqe,
vibase,1
vibeco,2
vibefa,1
vibowi,
vibuqi,1
viciti,
vicojo,2
vicoju,
vicuhu,1
viduku,1
vifecu,2
vifeye,1
vifumo,2
vigaba,1
vigepe,
vigeye,3
vigifa,
vigofo,2
vigoqe,3
viguwe,
vihaha,3
vihepa,
vihubu,2
vijari,2
vijeda,1
vijese,
vijica,3
vijida,
vijopo,
vijutu,1
vikebo,1
vikepa,1
vikera,1
vileri,1
vilile,
viloqa,
vilubi,
vilupi,1
vimebu,3
vinajo,2
vineje,2
viniqe,2
vinoro,3
vinuju,1
vipadi,
vipari,1
vipasa,1
viqado,2
viqeku,
viqeyu,2
viqima,1
viqise,1
viqodi,
viquha,1
viqusi,2
virana,1
virapo,1
viredo,
virigi,3
viriko,1
virufi,1
virufo,
viruga,
virume,2
visale,2
visave,2
viseho,
visule,
visune,1
vitanu,
vitaya,2
vitivo,
vituna,
vivadu,
viveqa,1
vivibo,2
vivifi,
viviga,
vivise,1
vivuja,
vivupu,
viwufu,
viyaci,2
viyawo,
viyese,
viyoho,1
viyolu,2
viyudo,
vizapu,
vizowe,1
vizudo,2
vizume,1
vobacu,
vobako,1
vobana,
vobeco,
vobose,2
vobuzu,1
voceyo,
vocoto,
vocule,
vodeho,
vodeli,2
vodugu,
voduvu,
voduwo,
vofape,2
vofemu,3
vofufe,1
vogawu,2
vogega,
vogifa,
vogomo,
vohaka,
voheka,
vojilu,
vojovu,1
vojowi,1
vokefe,3
vokeje,
vokeli,2
vokidu,
vokizu,
vokufe,1
vokuni,
volihe,1
vomeku,
vonoco,
vonomu,
vonozu,
vopapu,
vopeyu,
vopuce,1
vopuha,1
vopuri,1
vopuvu,
voqaki,2
voqece,
voqeva,
voqibu,1
voqida,1
voqipa,
voqoqe,2
voquca,
voraho,
vorecu,2
vorera,
voroqi,
voruda,
vosiri,
vosulo,1
votepu,1
votifa,1
votigo,2
votino,2
votiyu,1
vovadi,
vovalo,1
vovili,
vovoba,
vovodo,1
vovusu,3
vowida,
vowofo,
voyara,
voyasi,
voyike,
voyofo,1
voyopu,
voyove,2
vozasa,2
vozenu,1
vubahe,
vubebe,
vubeja,3
vubiqi,1
vubuna,3
vucali,
vucare,1
vuceji,
vuciko,2
vucuhi,1
vudece,1
vudele,
vudeqi,
vudeyi,2
vudihe,
vudipe,2
vudivu,2
vudupe,
vufahe,2
vufeza,
vufuka,
vufupe,1
vufuru,1
vugagi,1
vugaju,
vugesi,2
vugofu,
vuheku,2
vuheto,
vuhulu,1
vujege,2
vujiro,1
vujoba,1
vujoki,
vujubi,2
vujuci,2
vukahe,1
vukeco,1
vukewi,3
vukomo,3
vukulo,
vukumo,2
vukuvu,2
vuloli,
vuloqe,1
vululo,
vumama,2
vumedu,2
vumegu,
vumehe,1
vumisi,
vumuni,
vunepo,
vuneqa,2
vunide,
vuniri,1
vunoda,
vunopa,1
vunote,3
vupapi,
vupoba,
vupori,
vuqaho,2
vuqiro,2
vuqugo,1
vuquya,1
vuraki,
vurudu,1
vuruno,
vusibu,1
vusimo,2
vusivu,1
vusoho,
vutabo,
vuteca,1
vuteci,
vutifo,
vutiko,2
vutiya,
vuvage,2
vuvese,
vuvifo,1
vuvize,
vuvudi,
vuvupa,
vuwali,
vuwega,
vuwemu,1
vuwiko,1
vuwofi,2
vuwomi,
vuwuto,1
vuyeme,
vuyoja,
vuzeje,
vuzene,2
wabako,
wabapo,
wabaza,
wabeta,2
wabiso,1
wabote,
wabujo,
wabuyi,2
wacanu,
wacimo,1
wacuda,2
wadeji,2
wadeka,3
wadeni,1
wadihi,1
wadiju,
wafagu,1
wafajo,1
wafisa,1
wafoyu,
wafune,
waganu,1
wagimi,1
wagoya,1
wagure,
wahedo,2
waheme,3
wahici,
wahodi,1
wahuga,1
wahulo,1
wajaqu,2
wajecu,1
wajefe,
wajini,
wajoke,1
wakalo,
wakosa,1
wakovi,1
wakudo,
walaji,1
walavu,1
walemo,
walena,1
walike,1
walugu,2
wamode,1
wamodu,
wamoyu,
wanici,1
wanira,
wanodu,
wanoyu,
wapega,
wapijo,1
wapisu,2
wapono,
wapube,1
waqabu,1
waqamo,
waqavo,2
waqawi,
waqojo,
waqose,
waqowu,2
waquya,1
warake,3
warapo,
warira,1
warivi,3
waromi,2
wasaki,2
wasego,
waseta,
wasewi,1
wasowu,1
watanu,1
watejo,3
watewi,
waticu,1
watijo,1
watumo,
watuqo,
watuta,1
wavamo,1
wavase,
wavehe,1
waveji,
wavovo,3
wawani,1
wawaso,1
waweca,
wawede,
waweqi,
wawiyo,2
wayami,1
wayaze,2
wayowu,
wazezu,
wazoqa,
wazuko,1
weboke,2
webowu,
weboyo,0
wecazo,
wecuha,1
wedaqe,
wedocu,
wefasa,1
wefeda,
wefuvo,1
wegahu,3
wegihu,2
wegize,
wegofu,1
wegunu,1
wehavi,1
wehawa,2
weheva,3
wehibi,3
wehode,
wehogo,
wehoni,
wehuke,1
wejale,
wejare,
wejasu,
wejefi,
wejeve,
wejova,
wejufu,2
wekahe,
wekawo,1
wekefo,2
wekisi,3
wekite,
wekolo,
welaka,
weleqo,
weleye,2
weliwe,1
welone,1
weloze,
wemaca,
wemape,
wenapo,1
wenegi,1
wenina,1
wenone,
wenuti,1
weparo,
wepinu,
wepuva,1
wepuyi,
wepuze,1
weqisa,2
wequye,1
werona,2
weroza,
werufi,
weruze,2
weseto,
wesomu,
wesuhu,1
wesupi,
wetafu,1
wetuca,3
wevaga,1
wevaqu,2
wevela,2
wevowe,
wevubi,
wewaci,
wewege,
wewemi,
weweqi,2
wewozu,1
wewuci,
weyaha,1
weyahe,1
weyake,1
weyezi,1
weyobi,
weyode,2
weyola,
wezane,1
wezeba,2
wezuti,1
wibepe,1
wibewu,1
wibica,0
wibinu,
wibiya,
wibocu,
wibube,2
wibuma,
wibupu,2
wicijo,1
wicopa,
wicoyu,1
widepa,
widewa,1
widucu,2
wifaca,
wifejo,1
wifovu,
wigahu,1
wigawo,
wigeci,
wigeva,2
wigocu,
wigufo,4
wihecu,1
wihuno,
wijavi,2
wijono,
wijova,
wikile,2
wikine,
wikonu,
wikupi,2
wilawi,1
wilece,1
wilepi,1
wiliku,1
wiliye,3
wimazu,2
wimifo,1
wimime,
wimiye,2
wimova,
wimufu,1
wimuje,
wimuju,2
winavi,2
winiqu,
winisa,
winiza,2
wiparo,3
wipefo,3
wipege,
wipezo,
wipiyo,1
wipupi,
wiqedo,
wiquyo,1
wiropa,3
wirova,
wisece,
wisefe,
wisife,
witaso,1
witazi,0
witehu,1
witevo,1
witiga,
wituke,2
witure,1
wiveke,1
wivenu,
wivozo,
wivuba,
wivulo,
wivulu,1
wivuno,1
wiweco,
wiwuqa,
wiyedi,2
wiyefe,
wiyeru,2
wiyoni,3
wizawi,1
wizopi,
wizuca,2
wobubo,3
wocaca,
wocagi,
wocaja,1
wocebu,
woceli,1
wocipe,
wodafo,
wodimi,
wodiwo,1
wodona,
woduna,
wofaki,
wofebe,4
wofeda,1
wofeja,2
wofepu,2
wofisu,
wofuwa,
wogahi,1
wogatu,1
wogika,2
wogoci,2
wogole,
wogono,1
wogopi,2
wogovo,1
wogume,
woguro,1
wogutu,1
woguze,
wohewe,3
wohipi,
wohiru,
wohohu,1
wohusu,
wohuti,1
wojede,1
wojequ,
wojisa,
wokapo,
wokewi,3
wokifa,1
wokipa,1
wokoqe,
wokoye,2
wokutu,1
wolaku,
wolapi,2
wolefa,2
wolopa,1
womiha,
womoce,
womole,1
womolo,2
womote,
womuke,2
wonoke,
wonufe,1
wonutu,
wopegu,
wopuqa,
woqake,1
woqedo,
woqihi,3
woqipo,
woqire,3
woquda,2
woraju,
woreze,
woriho,
worino,1
woropa,
wosaju,
wosayo,
wosete,
woseza,2
wosimu,1
wosive,1
wosoco,1
wosopi,
wosuto,
wotafu,
wotare,1
woteko,
wotive,
wotoga,
wotuhe,
woviga,
wovuve,
wovuyu,1
wowaba,1
wowewo,
wowube,1
wowucu,1
wowufo,
woyasi,1
woyecu,1
wozobo,1
wozohu,1
wozute,2
wubaci,
wubati,
wubazo,
wubeme,1
wubihe,
wuboke,
wuboki,
wucede,1
wucova,
wucovu,
wucuma,
wudana,1
wudayi,
wudino,
wudiqi,2
wudogo,
wuduvu,1
wufise,
wufoye,1
wufudo,
wufujo,2
wufuro,
wugaru,1
wugeki,0
wugile,1
wugozi,2
wugucu,3
wuheku,1
wuhiqe,4
wuhovu,
wuhoya,
wuhupe,
wuhuwi,
wujale,
wujepa,
wujeze,
wujipu,1
wujiro,2
wukava,2
wukiga,2
wukiru,1
wukiwo,2
wukomu,1
wukoqe,2
wukoyo,
wukuka,
wulamu,
wulita,1
wulodo,
wulura,
wumeqo,
wumiki,
wumoro,1
wumufu,1
wumuhe,2
wunaci,
wunasi,
wunedu,
wunudi,1
wunuji,2
wupege,
wupide,1
wupomo,
wupoti,
wupuwa,1
wuqane,
wuqipo,
wuquqa,2
wuraru,1
wurele,
wurija,2
wurime,2
wuriwu,1
wurofu,
wuseno,
wusewa,2
wusifi,
wusime,2
wusiri,1
wusivu,1
wusoto,
wusuvu,
wutame,2
wutaze,
wutefa,1
wutici,1
wutula,1
wutulo,
wuvaco,
wuvawi,
wuvisa,
wuwefe,1
wuwiji,
wuwinu,
wuwoga,2
wuwovo,
wuwuha,
wuyece,1
wuyete,
wuyeva,2
wuyoro,
wuyowi,1
wuyudi,
wuzapu,
wuzira,
wuzoka,
wuzovu,2
wuzoze,1
wuzuri,2
yabaho,
yabaju,
yabefa,
yabefu,1
yabisi,1
yaboge,2
yabugi,
yacine,
yacoqo,
yacuwu,2
yadalu,1
yafami,1
yafesa,
yafeve,2
yafidi,1
yafiqo,1
yafira,3
yafoga,
yafuda,1
yafula,
yagado,1
yagiza,1
yagoni,2
yahalo,1
yahaze,1
yahela,1
yahilu,
yahuhi,
yajana,2
yajedo,2
yajela,3
yajica,1
yajilo,1
yajope,
yakego,1
yakezo,
yakico,
yakogo,
yakozi,
yakugu,
yalasi,
yalegi,
yalidu,1
yaliqu,
yalisu,1
yalujo,1
yamofe,
yanezo,2
yanibo,
yanuvi,
yapahi,1
yapayo,1
yapuce,1
yapune,1
yaqase,
yaqiqe,
yaqoru,
yaqoyo,
yaquto,2
yaragu,3
yarajo,
yaraye,1
yarivo,1
yarura,
yasetu,1
yateca,
yatelo,2
yatiji,1
yatisu,
yatofu,3
yatupe,
yatuse,3
yavere,2
yavove,1
yavugi,3
yawapa,1
yaweye,
yawifa,1
yawugo,
yayako,2
yayetu,3
yayido,1
yayipa,
yayohe,1
yayusa,
yazena,2
yazike,1
yazohe,
yazolu,1
yazomi,2
yazoza,2
yazuca,
yebaga,
yebavo,2
yebeju,1
yebosi,
yebuyi,
yecemu,
yecina,
yecipo,
yecowe,2
yecugo,
yedare,1
yediya,
yedonu,
yedoqi,
yedule,
yefino,
yefoze,
yefuwe,2
yegali,1
yegaqi,2
yegara,2
yegose,1
yegoyo,3
yehewi,2
yehida,1
yejelo,
yejese,1
yejogu,2
yejosa,1
yejuho,
yekana,4
yekaro,
yekeci,3
yekiye,1
yekiyo,1
yekiza,
yekosu,
yekova,3
yekovu,
yelehi,
yelepu,2
yelezo,
yelihu,1
yeliwa,1
yemape,1
yemefo,
yemelo,
yemiyo,
yemodo,
yenaza,1
yenefe,
yenemu,
yepaca,1
yepada,
yepado,
yepaji,
yepiwu,1
yepoki,1
yepomo,2
yepugu,
yeqave,1
yeqeca,
yeqigo,1
yeqila,
yeqoqe,2
yeraqi,
yeraru,2
yereyu,2
yesaqe,2
yesatu,1
yesedo,
yesiqa,2
yesiye,
yesogu,3
yesoja,
yesumu,2
yesuru,2
yetado,
yeteja,
yetepu,
yevasa,2
yevato,2
yevibi,
yevuse,
yevuva,
yewaqo,
yewaru,1
yewesi,
yewima,3
yewoce,
yewoma,
yewomi,1
yewuba,3
yeyawo,3
yeyepa,2
yeyeqo,1
yeyucu,2
yezeye,
yezupi,
yezuti,
yezuza,
yezuzi,
yibela,2
yibupo,
yicaga,1
yicane,2
yicoyo,
yicuca,1
yidesa,
yidima,1
yidiyu,
yifeme,
yifiqa,3
yifoho,2
yifoti,1
yifuba,
yifune,1
yigawa,2
yigemo,
yigere,1
yigezu,2
yigiso,2
yigiti,
yigona,1
yiguji,
yihadu,
yihahu,1
yiheho,1
yihobi,
yijaye,
yijega,
yikabi,
yikani,1
yiketi,2
yikoku,
yikoqo,
yikuce,
yikudi,2
yikugu,
yikuhu,
yikuyo,
yilahu,1
yilawu,1
yilebe,1
yilewu,
yilodi,2
yilozi,
yimavi,1
yimawa,
yimeva,
yimija,
yimipe,1
yinapo,1
yinatu,
yinequ,
yinimi,
yinozi,
yinudi,0
yinuho,2
yipeja,2
yipeqe,1
yipowo,2
yiqaze,
yiqizi,1
yiquci,1
yiquqe,
yiquvo,1
yiraku,
yirazi,2
yirudo,
yisafu,
yisego,
yisige,1
yisudi,1
yitaci,
yitade,1
yituha,1
yitulo,1
yivaqu,
yivota,1
yivubu,1
yiwajo,1
yiwaru,1
yiweve,
yiwira,
yiwopu,
yiwuvi,2
yiyajo,
yiyayu,
yiyega,1
yiyeju,1
yiyivu,
yiyogu,
yizafu,2
yizani,1
yizawe,1
yizedu,1
yizono,
yizuji,
yizuyi,
yobanu,1
yobega,
yobete,
yobezi,1
yobinu,2
yobucu,
yobuqi,
yocoga,
yocono,3
yodabi,2
yodato,2
yodava,1
yodayu,2
yodide,3
yodowo,
yofeku,2
yofoci,
yofofa,
yogama,2
yogazo,
yogemi,1
yogesu,2
yogije,1
yogile,2
yogiye,1
yogufi,0
yoguwo,2
yohani,
yohaye,1
yohaze,2
yohecu,2
yoheho,3
yohifo,2
yohili,
yohoze,
yohugo,
yojido,
yojita,
yojobe,3
yojufu,1
yojuke,1
yokara,1
yokawo,1
yokewe,1
yokine,1
yokuja,
yokuzi,
yolabe,
yolase,1
yolili,
yoluno,
yomize,
yomona,2
yomufo,
yoneni,2
yonisu,3
yonubu,1
yopage,
yopovo,
yoqapo,
yoqazi,2
yoqevi,2
yoqido,1
yorere,
yorero,1
yorila,1
yoriru,
yoroju,
yoroza,
yorufa,1
yorufo,
yorure,
yosaya,1
yosega,1
yotabo,
yotena,1
yotiku,2
yotise,1
yotoja,
yotojo,3
yotufa,
yoturo,1
yovaso,1
yovasu,
yovefa,
yovene,2
yovepe,1
yovilu,2
yovita,
yovuro,
yowalo,
yowana,
yoweco,1
yowiti,
yoyada,
yoyafi,3
yoyani,3
yoyiga,
yoyimi,3
yoyoba,1
yoyuqa,1
yoyute,
yoyuyo,
yoziru,2
yozitu,
yozopi,
yozuhe,
yozuqe,
yubahe,1
yubedo,1
yubenu,
yubivo,2
yuboye,1
yubuke,
yubune,2
yucibi,1
yucoqa,
yucosa,
yuduzi,
yufazu,
yufeli,
yufiba,1
yufiye,
yufomu,
yugeya,1
yugima,1
yugiqe,
yugira,1
yuguta,
yuharu,
yuhifo,1
yuhofi,1
yuhoki,2
yuhuvi,1
yuhuvo,2
yuhuza,3
yujeyu,1
yujibe,
yujico,
yujoke,
yujuro,1
yujusi,2
yujuyi,
yujuza,
yukasa,
yukeju,
yukodi,1
yukovu,
yulama,4
yulele,1
yuliwe,0
yuliyi,2
yulogu,1
yulufu,2
yuluno,2
yulunu,
yumata,2
yumayi,
yumeli,1
yumeta,
yumica,
yumiye,2
yunoli,2
yununi,
yununo,
yupamu,
yupebe,
yuqava,1
yuqoju,
yuroqa,1
yusaqu,1
yusedi,2
yusero,
yusopu,
yutigo,2
yutoso,1
yutupo,1
yuvico,
yuvoha,
yuvoma,2
yuvuha,1
yuvujo,1
yuwiya,
yuwoga,1
yuwome,
yuyabo,
yuyibe,1
yuyibu,
yuyifu,
yuyohe,
yuyoso,
yuyuvu,
yuzalu,2
yuzepa,2
yuziba,2
yuzico,
yuziha,2
yuzocu,2
yuzosu,1
yuzuji,1
zabodu,2
zabofo,
zabove,
zaboza,
zabozi,
zabuqo,1
zacabi,
zacani,1
zaceca,
zacole,1
zacomi,
zacoye,1
zacuvi,
zadozi,2
zafale,
zafapu,1
zafejo,3
zafica,
zafidu,1
zafudo,1
zafula,1
zagari,1
zagejo,2
zageye,1
zagike,2
zagimu,
zagivi,1
zagoki,
zahafu,
zaharu,3
zahasu,
zahita,2
zahoma,
zahuna,
zajaki,1
zajefe,1
zajiji,1
zajina,1
zajuhu,2
zajuni,
zakaqi,
zakelo,1
zakemo,1
zakevi,2
zakewa,2
zakeye,
zakugu,
zalama,
zalego,0
zalezu,1
zalina,1
zaliyi,2
zalosa,1
zaluqi,2
zaluve,2
zaluza,
zamali,
zamimi,1
zamipa,
zamoga,2
zanani,3
zanedi,
zaniya,2
zanoso,1
zanuqa,1
zapaze,1
zapazu,1
zapeco,
zapeya,1
zapiyo,2
zapoha,1
zapolo,1
zaqidi,1
zaqoke,3
zaqudu,
zaqufu,1
zaqunu,3
zareci,
zarepa,1
zarowi,2
zasila,
zatide,3
zatiqo,2
zatoqu,2
zavuyu,
zawabu,1
zawefe,1
zawene,1
zawisu,
zawoti,
zawuza,1
zayami,1
zayaso,1
zayawa,1
zayaze,1
zayeku,2
zayemu,1
zayeqa,1
zayimi,
zayohe,1
zayote,3
zayuru,1
zazabo,1
zazeru,
zazifu,
zazozo,2
zazupa,2
zebape,
zebike,3
zebimu,
zebipo,
zebuho,2
zecage,1
zecefu,
zeceha,
zecofa,1
zecoye,
zedesu,2
zedibe,1
zedomi,
zedopi,1
zedovi,
zeduti,
zeduyu,1
zefeyu,2
zegajo,1
zegewo,2
zegife,2
zegobo,1
zegoge,
zeguye,2
zeguza,1
zehaso,1
zehujo,
zejeti,1
zekijo,
zekiye,2
zekoga,4
zekowo,1
zekoze,2
zekupa,2
zelati,1
zelecu,1
zelege,1
zeleyi,
zelipu,2
zeliso,1
zelito,
zeluhe,
zeluwi,2
zemako,
zemama,1
zemani,1
zemedo,
zemido,2
zemihu,2
zemiwe,
zeniqa,1
zeniwo,2
zenoya,
zepivo,1
zepuqu,1
zepuvu,
zeqade,
zeqede,1
zeqifi,
zeqije,
zeqiwo,
zeqodi,2
zeqowo,
zequdi,
zerawo,
zerefi,
zerenu,
zerivo,2
zerofi,1
zesedi,
zesegi,
zesemi,
zetafo,1
zetuqu,1
zetuwe,1
zevala,2
zeveje,
zevepa,
zeveva,2
zevime,
zevuli,1
zeweba,
zeweke,3
zeweta,
zewiya,1
zewubo,1
zewufa,3
zewula,1
zewuqe,
zewuve,
zeyawu,2
zeyeyu,1
zeyipi,2
zeyupa,
zezade,
zezadi,1
zezafi,3
zezawo,
zezejo,1
zezeyo,
zezoqo,
zezuje,
zibaki,2
zibode,
zibowa,2
zibulu,
zicafo,
zicalu,
zicede,2
zicela,1
ziceri,3
ziceyi,
zicisi,
zidaju,1
zideli,1
zidida,
zidilo,1
zidiva,
zidopu,3
zifaje,
zifimu,
zifuyo,3
ziguho,
zigutu,
ziguyu,
ziheje,1
zihibe,2
zihicu,2
zihiyi,
zihowi,1
zihuqu,2
zijaki,1
zijalu,
zijeci,
zijena,2
zijiku,1
zijiza,
zijofu,1
zijono,
zijowa,1
zikage,3
zikimu,2
zikodu,
zikose,3
zikuhu,
ziladi,
zilafu,
zilanu,2
zilari,1
zilava,
zilave,1
zileku,
ziliso,
zilomi,1
zimazi,1
zimifa,2
zimoke,1
zimozo,
zimulu,2
zinara,3
zineji,2
zineju,
zinifa,1
zinifi,1
ziniyi,1
zinoho,3
zinoze,
zipadi,1
zipasa,
zipimu,
zipofo,2
ziporu,
zipudo,
ziqadi,1
ziqaqi,1
ziqazi,2
ziqimi,1
ziqole,
ziquvi,
ziraze,
zirice,3
ziroro,1
zirowa,2
zirowe,1
zisawi,1
zisefo,3
ziseho,3
zisime,2
zisiqe,1
zisufu,
zitale,3
zitidi,
zitiku,
zitiwu,3
zitogu,3
zivete,1
zivoyo,3
zivume,2
zivumo,1
zivuti,
zivuzo,
ziwadi,
ziwahe,1
ziwayu,1
ziwejo,1
ziwofa,1
ziwuha,3
ziwuvo,1
ziyewo,1
ziyiba,2
ziyiva,2
zizale,1
zizazi,1
zizeri,2
ziziqe,
ziziza,
zizopa,2
zizugu,
zobeji,
zobihu,2
zobuto,2
zocopi,
zocupo,
zocuya,1
zodahe,2
zodala,2
zodaru,1
zodela,
zodesi,
zodole,2
zoduna,
zofahe,
zofaku,
zofapi,
zofayi,1
zofego,2
zofehi,2
zofela,1
zofeni,1
zogazi,1
zogelu,3
zogido,2
zogipi,
zogizo,
zogora,2
zohewo,1
zohobi,1
zohofi,2
zohoki,1
zohoye,2
zojadi,1
zojagi,
zojewu,
zokaci,2
zokime,
zolavi,
zolobi,
zoluco,
zomayi,1
zomazu,2
zomiha,
zomoji,1
zomolu,
zonayu,
zoneba,1
zonebi,
zonela,1
zonizi,
zonoba,1
zonobe,
zonolo,2
zopabo,
zopemi,
zopimo,
zopona,2
zoponu,2
zoqaja,
zoqene,
zoqiwo,3
zoquda,
zoqudi,1
zoqudo,
zoqutu,2
zorace,1
zoralo,1
zoriji,
zoriju,1
zoriqo,
zorubi,1
zosaya,1
zosiho,
zosuqa,
zotama,1
zotate,
zotavo,
zoteja,
zotiwe,1
zotofi,1
zotuhi,
zovahi,2
zovali,2
zoviqa,1
zovube,
zovuju,
zowawa,1
zowiju,1
zowima,1
zowole,1
zowusu,
zoyawu,1
zoyeci,
zoyesi,
zoyofi,1
zoyohi,1
zoyuvi,1
zoyuwe,2
zozawe,1
zozinu,
zozomi,1
zozoso,
zozuco,
zozuli,
zozuqa,
zubeji,1
zubeki,2
zuboti,
zucaco,1
zucame,
zucemi,
zucenu,
zucero,
zucihe,
zucuka,
zucuvu,
zudave,
zudeve,2
zudoho,1
zudube,
zufaqe,2
zugefu,1
zugeli,
zugeme,3
zugira,
zuhiku,1
zuhozi,
zujafa,
zujeli,2
zujesu,
zujivu,
zujuje,2
zukaga,2
zukeca,1
zukihi,2
zukinu,
zukisi,2
zukoki,
zukujo,
zukuye,2
zulaku,1
zulara,2
zulijo,
zumano,2
zumasi,
zumaza,
zumega,
zumuva,
zumuvi,
zuniho,1
zunime,2
zunoko,1
zunomo,1
zunoze,1
zunusa,2
zupabi,
zupahe,2
zupezu,
zupine,
zupivo,
zupomu,3
zupovo,1
zupumi,3
zupunu,3
zupuzu,1
zuqapi,1
zuqefe,2
zuqofe,2
zuqomo,
zurami,1
zusefe,2
zusugi,1
zutaqa,
zutiri,
zutofa,
zutuga,
zutuqa,1
zutuwi,1
zuvalu,1
zuvamo,2
zuvano,4
zuvava,1
zuvedu,
zuvete,
zuvido,
zuvipo,
zuviti,
zuvozi,
zuvugu,1
zuwako,1
zuweha,1
zuwido,
zuwiwe,
zuwose,
zuwoti,
zuyara,3
zuyaza,2
zuyiyu,1
zuyize,
zuyopu,2
zuyoso,
zuyufa,1
zuzabu,
zuzeto,2
zuzila,2
zuziva,1
zuzuyi,1
